configuration,density,seed,raw_file,size_bytes,sha256
FogCloudAStar,low,1,FogCloudAStar-low-seed1.sca,907904,e3e8c8dcafbfd611389e3d0aec98622b1155ce10174f945632efe594be2d4b70
FogCloudAStar,low,1,FogCloudAStar-low-seed1.vec,3542257,b46a543443535d503ac4b98042d7360fdda3e4d7721a2ff34df28a33daf4f36a
FogCloudAStar,low,1,FogCloudAStar-low-seed1.vci,74169,2934dd7510cae6b71002819c4d475b0e41617b860d56180098dfa7798dd42029
FogCloudAStar,low,2,FogCloudAStar-low-seed2.sca,907809,02a0d4118ae8779cac461284fb3b08031101f8aa63440be7af479f266385c9ce
FogCloudAStar,low,2,FogCloudAStar-low-seed2.vec,3548945,ed9794e8ff41f46654522a63a4c3f3f1a6e657d6f29cee396e314914e7d5230c
FogCloudAStar,low,2,FogCloudAStar-low-seed2.vci,74063,732e8a494a9f489895d9084abf1770b8f2a8758f0638589b9139f411758fe91f
FogCloudAStar,low,3,FogCloudAStar-low-seed3.sca,907886,bd72cdde93c97a65dad6e84455559fa59de412a37fdcaf3849bf38cd69f2e35f
FogCloudAStar,low,3,FogCloudAStar-low-seed3.vec,3881972,d2a3308719e518f84885ca9c6674b16bff74e4153ae6acae4d480c4ae57c3af7
FogCloudAStar,low,3,FogCloudAStar-low-seed3.vci,74119,86bbe816de02a1150f49a6364e7e1dd40debc2ae1ee0a0b226b4cce251963ca0
FogCloudAStar,low,4,FogCloudAStar-low-seed4.sca,907972,7fa97174203f33e02f8f0bb2ce9c23f0717ac4dda25a9be1e74d965e33a0f7af
FogCloudAStar,low,4,FogCloudAStar-low-seed4.vec,3697182,69e129046a0535caa06a1861b11f8b60434f8e48c0fc8d04a1c9d879042fdec9
FogCloudAStar,low,4,FogCloudAStar-low-seed4.vci,74059,6fcf4535632ea1b39df205249a37e6f22bb69538ae7873ec01fdb7e841d0f2d3
FogCloudAStar,low,5,FogCloudAStar-low-seed5.sca,907864,750190f7fb2a55b5f4d38d73b9cb6a2aecea5c4a5dc44c38114592306aa0e67f
FogCloudAStar,low,5,FogCloudAStar-low-seed5.vec,3624626,4b19e905cbcfac0115a4d99c7e64b5a86b25b3b945d530aab6a330669f50ebc9
FogCloudAStar,low,5,FogCloudAStar-low-seed5.vci,74116,09c676e3dcfef231cf74b20fc7f46e7683deb8f61107549d0270cb795264406e
FogCloudAStar,low,6,FogCloudAStar-low-seed6.sca,896797,3faecdea1a9365313bbc3261f0eae51b4fdc5490163cd7dd3526b4a5cd0cb582
FogCloudAStar,low,6,FogCloudAStar-low-seed6.vec,4717694,22afb8896998567260d485a81bd5acd0ea8fd515d94056d38e38f73a5d8db6b5
FogCloudAStar,low,6,FogCloudAStar-low-seed6.vci,73411,a32d3beb10e46577d076c1af454896dd87b1a387c87d181389a85f428e947b20
FogCloudAStar,low,7,FogCloudAStar-low-seed7.sca,907847,70cc6d83dcc4cf6b50c6579749956ba2324063a787ccce1fd011b7c0d5359298
FogCloudAStar,low,7,FogCloudAStar-low-seed7.vec,3600435,cac0770c79cef8d730b92589478a660a129839aee37fbb62156007a7ad661866
FogCloudAStar,low,7,FogCloudAStar-low-seed7.vci,74136,5ebb22681656f0b0c8f550fe948da3bc9c600f24b50874ce8c158d27ca6906d0
FogCloudAStar,low,8,FogCloudAStar-low-seed8.sca,907869,e33407a6d680ff762bc3634ea91138da2910146add5ca4073b02f8f3752ff856
FogCloudAStar,low,8,FogCloudAStar-low-seed8.vec,3641040,71325e243246c37b7972e8f976cf80a5be6dc308d305c07906c8c571ff6a17a0
FogCloudAStar,low,8,FogCloudAStar-low-seed8.vci,74172,d29fefdf5e05c6eee4d8730003bf156c6ea8072ace3b652b18684ba060377d68
FogCloudAStar,low,9,FogCloudAStar-low-seed9.sca,907902,68baf89c3514f27b30fbdaed0823368f2adc4dc12cf11b5d54548e89f54904fb
FogCloudAStar,low,9,FogCloudAStar-low-seed9.vec,3721428,32024936e27ddf19f6db5d6fdd34ac8cc8f53e906c616a9f66bd94f55715dab8
FogCloudAStar,low,9,FogCloudAStar-low-seed9.vci,74240,a89fb20d76433403fe66fc3b63714d2971529e26bff1d4c55d0dab8207669e50
FogCloudAStar,low,10,FogCloudAStar-low-seed10.sca,908224,678d057744f25d1333cc219a2b7af7cb2d56a5aa8837a3ba8aecc773437897d3
FogCloudAStar,low,10,FogCloudAStar-low-seed10.vec,3788507,19126a45c8dec288ece1c24275b46fbbcdefa584afd8ca5ec783989266f6054c
FogCloudAStar,low,10,FogCloudAStar-low-seed10.vci,74149,65d35c73c846ec2b3460d9c545e98f7002c33741118345e0003b9adc25b44f3a
FogCloudAStar,low,11,FogCloudAStar-low-seed11.sca,908252,5d17a915b20e33c1aee0c0fdfd645e9260819f594dc31c63618a46850ef318a4
FogCloudAStar,low,11,FogCloudAStar-low-seed11.vec,3542756,d600faf796646e141c50eb08db9dc9d1a7a82ed26733afa6edbed3d5e8c4e210
FogCloudAStar,low,11,FogCloudAStar-low-seed11.vci,74061,0f5026d79446337e9e935ca2311d1c76956edbd34f50af262c069e3d1da5e7ef
FogCloudAStar,low,12,FogCloudAStar-low-seed12.sca,887318,8db25ae36e9b172016fa38911bf2604ead8af5c6cc28b9680e5654f4590d6413
FogCloudAStar,low,12,FogCloudAStar-low-seed12.vec,4500044,3e46fb610a0336884adadab49b8a19ef9b62812c6b50470953fe9a83800de67d
FogCloudAStar,low,12,FogCloudAStar-low-seed12.vci,72230,ccc76c7eb2e3453419c24e32fc06b70f626de3d11b80ea5156972e613876bacf
FogCloudAStar,low,13,FogCloudAStar-low-seed13.sca,908207,a151a353c725f57717be6d52c48f82d442886bad00f9a2ddb8d0cf7e3c018048
FogCloudAStar,low,13,FogCloudAStar-low-seed13.vec,3498051,f282d94e0e9486f6a884e2512b599b9b33c914039e71dd32b2243bf28fd3fd32
FogCloudAStar,low,13,FogCloudAStar-low-seed13.vci,74045,a3ee69c06df54cdf95d89c9dcaecb90ebb87aedd37b65dfae7590668b4c0d61a
FogCloudAStar,low,14,FogCloudAStar-low-seed14.sca,908277,799e5db663abb076801cd2e59e6051f2b59478192e1ff6f114d8ce071c0afac7
FogCloudAStar,low,14,FogCloudAStar-low-seed14.vec,3595948,bee2b87276a838469d428a630e017c6ff81d837371b743eb4ea50d8fdf9cde11
FogCloudAStar,low,14,FogCloudAStar-low-seed14.vci,74150,f92a54db83966347773316826fc51825df9801a6770f90e4e01ba895bf93638d
FogCloudAStar,low,15,FogCloudAStar-low-seed15.sca,908212,5dffe5c0854ecad5c14a3607a1381a44d99fc38ad5b95758c5a3b0455f8c206c
FogCloudAStar,low,15,FogCloudAStar-low-seed15.vec,3545522,edc5221ad769a336d9ace1a849d3d86b4f0c16b0e6c9695545434d75de6eb3d7
FogCloudAStar,low,15,FogCloudAStar-low-seed15.vci,74114,8fab998a4101f38ef90eceac8a878c9621c1e4f747626dd7f06b56cc6c4f75ab
FogCloudAStar,low,16,FogCloudAStar-low-seed16.sca,908322,1d5395058eca33b5ca0caef6768d5f276a96aa163bf467fd0f1ee7291f2f09c8
FogCloudAStar,low,16,FogCloudAStar-low-seed16.vec,3568870,5da10eb17b937feaf344be8b3cc23be2b24d7fa82a0f7f35f0164c244b0de0c3
FogCloudAStar,low,16,FogCloudAStar-low-seed16.vci,74213,f9bdb79059e87a839e86d5576079f4832a29d2570da7acf252e4b19fa1db19ef
FogCloudAStar,low,17,FogCloudAStar-low-seed17.sca,908201,0cc3b169f76d97e2f8bbc2541d5c7d8a4244557ea83c54eb4aee2248d9b1512f
FogCloudAStar,low,17,FogCloudAStar-low-seed17.vec,3812076,42b7bad097cc3714d1ffca5e2d30514d116d289e166fecc4cae107a0d1e03af5
FogCloudAStar,low,17,FogCloudAStar-low-seed17.vci,74099,0bf4a33387da61be98cd3cf54addcbffd3a30ebbfc31a1030ef8b86ddfcc3742
FogCloudAStar,low,18,FogCloudAStar-low-seed18.sca,897247,400f91934a7a9f89b1c507ed3a9c527909a0afa02ab0b85a63e7bab17299e6c4
FogCloudAStar,low,18,FogCloudAStar-low-seed18.vec,4366086,53dd9d02b19dec6d73839103db941b577dc837aef910dadaf9ea3500c4dd0426
FogCloudAStar,low,18,FogCloudAStar-low-seed18.vci,73230,65fcbcef3e9490cb4a03d89c483d1daf7b1475c312a2087e3d6052d9378fc6ae
FogCloudAStar,low,19,FogCloudAStar-low-seed19.sca,908184,34e898b613a85b99cdc981c988093a4390034a60dc2c60ae2b0a1df624bdba17
FogCloudAStar,low,19,FogCloudAStar-low-seed19.vec,3667600,2e06f615cd433e44c4e7f226d9eea3a0e8fc8fd7bf1de73eaf86953ca8641b05
FogCloudAStar,low,19,FogCloudAStar-low-seed19.vci,74163,e9c43e9d2d57a076d22574004fe5ffa1ca60a95b13cc3bccd66eba6699f1b7a2
FogCloudAStar,low,20,FogCloudAStar-low-seed20.sca,908321,795829bada67389263793a6f180ba5240292a09ae89d23201008692af307ff41
FogCloudAStar,low,20,FogCloudAStar-low-seed20.vec,3629156,29f236267d6370d32e5fd7082c01fc639480f47495473d427ce2f6a05b2fc941
FogCloudAStar,low,20,FogCloudAStar-low-seed20.vci,74150,b8247ac357d1d4aad1adbf8e86174435517c1ebf838640830b17b7d70c34a0b9
FogCloudAStar,low,21,FogCloudAStar-low-seed21.sca,908192,e5c9feca9480ed79e90261a23da0890abe1e3d9e90a6a20183b43b64986ad38d
FogCloudAStar,low,21,FogCloudAStar-low-seed21.vec,3502977,625325610f73d8612e9fab990e1b7812f79d9e8076340a836947fe2726bbabd9
FogCloudAStar,low,21,FogCloudAStar-low-seed21.vci,74157,f58ef783b428b72a6d4c8a8a6557b06faea59c4026929af94b94aac656b2597f
FogCloudAStar,low,22,FogCloudAStar-low-seed22.sca,908251,ac9dabc3cf690b25dd5788cf158cb3011c04f6e90b7961a0fb9dc53a2542caf9
FogCloudAStar,low,22,FogCloudAStar-low-seed22.vec,3773440,d30c27fe1003fbd7e2de827c8a166cdc28f77970557fb2a41774bd90a5c6c9ac
FogCloudAStar,low,22,FogCloudAStar-low-seed22.vci,74182,62a991f461abb9fd6199390a4c2b8dde96558569aac2b9682545c34201db41a5
FogCloudAStar,low,23,FogCloudAStar-low-seed23.sca,906931,62b7e9432c0cc31bc563628d37ba33131c69c01812ac4291a14556f17650a2fe
FogCloudAStar,low,23,FogCloudAStar-low-seed23.vec,4179989,62f1f646dfb2ea4559497a3a6168e480e3850a8bb8a77f8d7061ff3344e62c8d
FogCloudAStar,low,23,FogCloudAStar-low-seed23.vci,74038,0ffd01d2e2c546c35bdd193b6951778d6812a476e1e5696818566193fe440718
FogCloudAStar,low,24,FogCloudAStar-low-seed24.sca,908224,752b16965366be90a2be1f0b388626ade7c8946476e5b4e242f5f6a5f773c70f
FogCloudAStar,low,24,FogCloudAStar-low-seed24.vec,3488682,ea2ba04fad7002619118540d591b340762151d8c64d5b16e084adcbbc9510cfb
FogCloudAStar,low,24,FogCloudAStar-low-seed24.vci,74169,4887cedfcb67231dc6b35be7d2de974587decf45ea03163716b8821ba24a5ccf
FogCloudAStar,low,25,FogCloudAStar-low-seed25.sca,887411,fed3d6b1adbab91077cb41368d561347b2a65d5574c2c43dc225e59253d2afd0
FogCloudAStar,low,25,FogCloudAStar-low-seed25.vec,4784839,184cc398108644511d3dad6d596c8e4a0aeebb4488e0c016a86702107b223fb3
FogCloudAStar,low,25,FogCloudAStar-low-seed25.vci,72207,f7b25d45abf5ceeb518da2e40dcfb6dc563bfa57c2e5d0c32faca65c1b9cd1d8
FogCloudAStar,low,26,FogCloudAStar-low-seed26.sca,908197,f9f8cf6bfd0dac576e2c5572e3ba9b079b90bb4e7e62f37655a306da15fa6d44
FogCloudAStar,low,26,FogCloudAStar-low-seed26.vec,3800863,6d3c944f8b9c26f58f4c31d13f0af30256fbaff66bd87438dc7efdb1bad8cbef
FogCloudAStar,low,26,FogCloudAStar-low-seed26.vci,74165,c7b13b4323c2d1bc1da8f6675f8d914d4800a24493d0672f84d71146e858c821
FogCloudAStar,low,27,FogCloudAStar-low-seed27.sca,908271,6ecf2aef98778d61bddf7d16081bcf626e9ec630a0eb06d8246dcd24822d9b82
FogCloudAStar,low,27,FogCloudAStar-low-seed27.vec,3878605,1800bf63e65b4b75a0885058395dd3e84fcc511d87fb0c7c21a621ea1ad3a531
FogCloudAStar,low,27,FogCloudAStar-low-seed27.vci,74068,b93fe7796761c23c4393802a5d4c6beedfd247f06e23d84a61a484b0b028b0a4
FogCloudAStar,low,28,FogCloudAStar-low-seed28.sca,887389,9db35c6c2107b3fdabb0653eb2f1d03b042d1c925423e40916eb5c397e4b66fc
FogCloudAStar,low,28,FogCloudAStar-low-seed28.vec,4244822,1f8848cb622e47f19774e4a85e2e434c3622275549792f4c47bcdb85205676da
FogCloudAStar,low,28,FogCloudAStar-low-seed28.vci,72065,d578d48b359a8be83d100e87283f69e00cce770f203ac8b0eb89f58baddd5947
FogCloudAStar,low,29,FogCloudAStar-low-seed29.sca,908167,e9dbca766097d50c330546f142079330246f83a1bde9d6494d0684fcc7e5c927
FogCloudAStar,low,29,FogCloudAStar-low-seed29.vec,3471577,adb405d47440d95bb5d034f742c06e553dbf3c7ec6df0496c0ddbc4a3a748dfd
FogCloudAStar,low,29,FogCloudAStar-low-seed29.vci,73892,c82895e94e5d36187617f6018cb652e5ca2ca5ac5568833082d0cd79af840926
FogCloudAStar,low,30,FogCloudAStar-low-seed30.sca,908224,7be4932b1101b63b5588262ac52d4ace7ab1c7a46849dc1494619ba840680d77
FogCloudAStar,low,30,FogCloudAStar-low-seed30.vec,3376648,b97ec76e8de6e45ff2deb3e020c9ddc042571c6cd8087974e11881b8c4f2d55a
FogCloudAStar,low,30,FogCloudAStar-low-seed30.vci,74095,30048e49ba621664ab0b2d5dcce9bda8135b6519443a3a88ff8db63f3308b655
FogCloudAStar,medium,1,FogCloudAStar-medium-seed1.sca,1619320,a3ec1f6fe6cc41c4c92e5198214ba1dce4ef81260b928204b57a02b6acdfa4a8
FogCloudAStar,medium,1,FogCloudAStar-medium-seed1.vec,7209266,68883388c82c1f4de8a7852c4d1efbb3b9824c923e35d89785a3bac852b59913
FogCloudAStar,medium,1,FogCloudAStar-medium-seed1.vci,138512,23523890d73397085d24c6962b491fcb81ffc05542b7c6548313a379151077e4
FogCloudAStar,medium,2,FogCloudAStar-medium-seed2.sca,1619258,052aacf04cdee3c8c07666203343a767b1255d5a1e289df7478dbba6663946e1
FogCloudAStar,medium,2,FogCloudAStar-medium-seed2.vec,7150662,f101250121b590b40777f00ae9039a9fd8ec87dd5bb961362ac033a2a953c4b4
FogCloudAStar,medium,2,FogCloudAStar-medium-seed2.vci,138662,b370d4c403039ee7607fe8601e812964c56cf3eedb61c5d92808a3af2f5537cc
FogCloudAStar,medium,3,FogCloudAStar-medium-seed3.sca,1619409,207886645dbc0afa119a0e8bf200f9586cf91d352cd61b85b3a5fcc1427ac95c
FogCloudAStar,medium,3,FogCloudAStar-medium-seed3.vec,7336220,30e99341465238476627bf7aae0564d981677d3b60340e8c1dd7ead1016bc2c3
FogCloudAStar,medium,3,FogCloudAStar-medium-seed3.vci,138579,80003348232cab64171539330449ccab36f681ac8d0d7ff98b585f2f04629cae
FogCloudAStar,medium,4,FogCloudAStar-medium-seed4.sca,1619494,346c239beb8301b9878a0045594ce1dbd4c6b18d210cd6c0943b09806070fe4a
FogCloudAStar,medium,4,FogCloudAStar-medium-seed4.vec,7253401,0a44ee202bb47d59f110c4f72166d6edfd313ba04c03371869bbcbba2f3bf93e
FogCloudAStar,medium,4,FogCloudAStar-medium-seed4.vci,138664,33894429783aa6b2d8b53a68bb6acabd5a411994c80525c1406111d28e8506dd
FogCloudAStar,medium,5,FogCloudAStar-medium-seed5.sca,1619431,448804fe4c0be9f8a32b7ed6f93285cc67f93aef3eeb60299554fa6ae431e55c
FogCloudAStar,medium,5,FogCloudAStar-medium-seed5.vec,7272616,fe883b7902a59b582ba2edd1a3d7b818533606b1efdba6c0b72bf3e4320345e1
FogCloudAStar,medium,5,FogCloudAStar-medium-seed5.vci,138645,d8f37ac9490f2b81a9eece417873b7ae54e04d0fc2d9036394041a1e0a0926dc
FogCloudAStar,medium,6,FogCloudAStar-medium-seed6.sca,1619291,61501bc3a864127ecec546769aee0f29e995c3142bd134e853c1e77ebc7279c4
FogCloudAStar,medium,6,FogCloudAStar-medium-seed6.vec,7602466,2fc9a4358bbe970f7dd9a37cbd30b1ec178689583eb307fc8f54166e457f43c1
FogCloudAStar,medium,6,FogCloudAStar-medium-seed6.vci,138607,e8c3cc3200fa037dd4904d3002976bcc8e86597ac8be883d19304d7a5ba2224b
FogCloudAStar,medium,7,FogCloudAStar-medium-seed7.sca,1619373,e31342f551dd4a90cbb62ed33e205f661169ba40c0865dcc4f047f93e8fe9b67
FogCloudAStar,medium,7,FogCloudAStar-medium-seed7.vec,7476598,eabe5155b25f651a7bf9f27bb5206497af69f8a55d5b99ba599d6ad3e3073981
FogCloudAStar,medium,7,FogCloudAStar-medium-seed7.vci,138781,306b83cbc00ab8174219db6d80728a86b50ad18ed2e314eacd63484d7180b98d
FogCloudAStar,medium,8,FogCloudAStar-medium-seed8.sca,1619238,d096e03af688e7337ce1173c85690b2249f86c4a765880330aa785c30dc5d13f
FogCloudAStar,medium,8,FogCloudAStar-medium-seed8.vec,6947414,0ff623efd3f17e97e1f7e7b87939d5eb6ec7b0f1ec25c0befb66f265de72283a
FogCloudAStar,medium,8,FogCloudAStar-medium-seed8.vci,138533,98ad94f49b1e6ce229e02f38682d9554503a3b7c6375e23500c65a8916f3d3c7
FogCloudAStar,medium,9,FogCloudAStar-medium-seed9.sca,1619539,c211b7145ffc754ef0feb03264360e69414edb6e3a26295bac0c01126c81f636
FogCloudAStar,medium,9,FogCloudAStar-medium-seed9.vec,7570589,91ac3a545ba24edc16ce36139d1e7a3efdd4123a3de7b6660dd4bba5b3136c47
FogCloudAStar,medium,9,FogCloudAStar-medium-seed9.vci,138774,0a0180dbacf8799fcc6f30b188c683bfabf0985d707177510d9b3d83753bddf5
FogCloudAStar,medium,10,FogCloudAStar-medium-seed10.sca,1620069,dfc70aa0601b2cd4024cfb26bcb01ae1e1f323917d6488c4bb1e19e93d368bbe
FogCloudAStar,medium,10,FogCloudAStar-medium-seed10.vec,7425093,680dc767b660b476237656bab0c49810c69190803434a2135ae2c5a040e53262
FogCloudAStar,medium,10,FogCloudAStar-medium-seed10.vci,138776,92d961f401cc01c199a94574fc8b9f07acc9e7a21626f60b85f40e8aead268c0
FogCloudAStar,medium,11,FogCloudAStar-medium-seed11.sca,1619953,23ae870d3e609c05019ecb691ace831ed12e04531c2a3cf5ffac03ec5af2819e
FogCloudAStar,medium,11,FogCloudAStar-medium-seed11.vec,7409246,99b8798a983a0b1709a9764c5ef684d6c4ef375f12ed0751cc32eab8c674c109
FogCloudAStar,medium,11,FogCloudAStar-medium-seed11.vci,138437,076981a695d721a1e53771ec73107c8b1a0e265c56c71c2cd34ef0e6395f5c34
FogCloudAStar,medium,12,FogCloudAStar-medium-seed12.sca,1619839,f2e7cdcc12ab6bbf0a9acf8d25ba8ed652039a22165e92689ee8cb669649b8a4
FogCloudAStar,medium,12,FogCloudAStar-medium-seed12.vec,7252400,982d6cecadc3e1b5d759de24d1cabec3d5dde6f0291cd50f66a478f0cf4104e6
FogCloudAStar,medium,12,FogCloudAStar-medium-seed12.vci,138561,7522d9e6459e4cd40db33f690b17af6663a62483be24b09cb83d9e2c01f3b5b3
FogCloudAStar,medium,13,FogCloudAStar-medium-seed13.sca,1619923,f1bccee8d09d9fda894f1af5caed53c3b9ad657ad8753ee929724c97872535f6
FogCloudAStar,medium,13,FogCloudAStar-medium-seed13.vec,7422161,94a1dcc71f70aaf4f416b6257ffb202538d7e6d0787de9e103a96cd111f97e3b
FogCloudAStar,medium,13,FogCloudAStar-medium-seed13.vci,138457,705a57ecb03d320a7023c4f5e1a3884242d3e4e3c57854d2bf582b5a37c86069
FogCloudAStar,medium,14,FogCloudAStar-medium-seed14.sca,1620109,79e9d77eacec3505767690b5fb46b90e49fefe10b3b4177950b7c5f38d110651
FogCloudAStar,medium,14,FogCloudAStar-medium-seed14.vec,7188083,9fddbe1bf229c0228585a18199aa19827304086baa46d0905236a6e6b48072ba
FogCloudAStar,medium,14,FogCloudAStar-medium-seed14.vci,138585,330dc75483aefc5eeb24ef24adc7892cf12dacd6fe4566c961a5ca997e1dece6
FogCloudAStar,medium,15,FogCloudAStar-medium-seed15.sca,1619972,bfa7b4d20db441902c0fc8adaa1fe936d68b1c54bd072c9c7542266701292de9
FogCloudAStar,medium,15,FogCloudAStar-medium-seed15.vec,6870088,ee91ea33e5e34fb84896181860f815b4ca9824e0d070b48a92e124a65bd1fd40
FogCloudAStar,medium,15,FogCloudAStar-medium-seed15.vci,138652,4c2faab5b63879a3b74795b39034474c5696a745e713fba877af22128c4f468c
FogCloudAStar,medium,16,FogCloudAStar-medium-seed16.sca,1619996,2eeb95e406d27d32acaebf19da22360f8057958328d46f996cfb7648354c4787
FogCloudAStar,medium,16,FogCloudAStar-medium-seed16.vec,7236172,4b625def8638e37bd82e10819d89f6dfaa02ba890f03514bb222e51cc29e18ff
FogCloudAStar,medium,16,FogCloudAStar-medium-seed16.vci,138719,619fa126f34745a82fea4c73a4e85ecfc854c7b1eda8a1c61f208f3e81303383
FogCloudAStar,medium,17,FogCloudAStar-medium-seed17.sca,1620073,3dc67e7c05cc2f1ccd2d9dbf3e9e84212f1eeaee64abe9f3458b53f4e16f99f9
FogCloudAStar,medium,17,FogCloudAStar-medium-seed17.vec,7419405,40f18b6ce7e6074d944738a28bb813dac3334e05f512d02a2b529c3aa5dd8356
FogCloudAStar,medium,17,FogCloudAStar-medium-seed17.vci,138538,8393fc92a75715cf228d53b52def907329f2db5ddd4ec94027dde9389cc0f9b2
FogCloudAStar,medium,18,FogCloudAStar-medium-seed18.sca,1619868,d11de2d3fc525134088f7b5bca079ff6a6154525be4777fb1b65cf108bbbde25
FogCloudAStar,medium,18,FogCloudAStar-medium-seed18.vec,7353813,a06f5426ae0154e8313ebd8b04d6326fd9ebdb0bc21b65b3b848ed2ce3290d71
FogCloudAStar,medium,18,FogCloudAStar-medium-seed18.vci,138562,737a88209f9f66381a06deb2d9d2c7a594713fb48f0c0bc9553f128d591e240e
FogCloudAStar,medium,19,FogCloudAStar-medium-seed19.sca,1620166,d0d301823c4134c23cd697d02e18a4ddf6c8049551df152b12258df840890fe3
FogCloudAStar,medium,19,FogCloudAStar-medium-seed19.vec,7252962,8e9b8cdeba8f80e77c618f7d5355750bf825cb855eea9289d9d64070d3fbe978
FogCloudAStar,medium,19,FogCloudAStar-medium-seed19.vci,138638,d68e9c622a8f9aa4ea8f24d3863d8fd48a2e16d5b19e59c84734b8c7619d90f3
FogCloudAStar,medium,20,FogCloudAStar-medium-seed20.sca,1619913,23dce4271b675a67dcd6082f9d748b486d3fcfc2d2cf8fe16581eaecff952b5a
FogCloudAStar,medium,20,FogCloudAStar-medium-seed20.vec,7386915,9d5e721ee5204f4998924cc503151309901f07f165dbc8058b79363c0214065f
FogCloudAStar,medium,20,FogCloudAStar-medium-seed20.vci,138784,27f3f32af54ee8745fa37d8b56945028896b29db5943056b81b42c2ecf5811af
FogCloudAStar,medium,21,FogCloudAStar-medium-seed21.sca,1619892,56a391f7a268dfc3222243bc65e6eb12ac64101eeb6c3977f78295f9765722fb
FogCloudAStar,medium,21,FogCloudAStar-medium-seed21.vec,6960019,8bb678a391c3fed1df2080bf85d063ff7717d237bfbd6961d0490cdb94157d9d
FogCloudAStar,medium,21,FogCloudAStar-medium-seed21.vci,138699,0ab42400f7b53048592cea8d4d66a882c41891fc4e56413c753922485b677000
FogCloudAStar,medium,22,FogCloudAStar-medium-seed22.sca,1620025,1d7bdaf9cb97c36a222d669b105e9b4b644a2fb048147f583aed29ef9174b76e
FogCloudAStar,medium,22,FogCloudAStar-medium-seed22.vec,7595867,2855713f677862f9b7806aa8c798531ba9d76f86387e342d7cd668de86817fef
FogCloudAStar,medium,22,FogCloudAStar-medium-seed22.vci,138560,afafdec491f37ff31d4ab2e977eac0c5aab82c01366b01cc625d5f8c1189bad8
FogCloudAStar,medium,23,FogCloudAStar-medium-seed23.sca,1619974,787cd04af65e22b6ccaa50fa7b3cc57e8353251da1ee38722b8a9c4cbec6b07c
FogCloudAStar,medium,23,FogCloudAStar-medium-seed23.vec,6944902,7c8a3589dc0740b4c15a996d6a23f5e90df7ce1f25f5ac2b7d9162e60ef5e33f
FogCloudAStar,medium,23,FogCloudAStar-medium-seed23.vci,138596,d5f1fe89e9a6b9626db3995ba36e3cd62f651b725bec45e5639f109c0c96ee93
FogCloudAStar,medium,24,FogCloudAStar-medium-seed24.sca,1619911,90eb1fc81aaa556ba856a548a11b9b4d94486da282a6b083b7f71bbe098f1bfc
FogCloudAStar,medium,24,FogCloudAStar-medium-seed24.vec,7519244,6303a133eb2b363c25d8f2390340c66974aa6aee898d930537229e57bb18973c
FogCloudAStar,medium,24,FogCloudAStar-medium-seed24.vci,138616,89c83a702ee3c35e9556c06f927f2d75063ae53a8375f68906f881f3d14f0691
FogCloudAStar,medium,25,FogCloudAStar-medium-seed25.sca,1598822,582f44f04d09a038b450fc263dccb8969be1d04daa5a2333f9ecfd3aba984873
FogCloudAStar,medium,25,FogCloudAStar-medium-seed25.vec,9280162,e75b76b9420c328139d421584b1d7afee1c22afddda7de0d600a402def641890
FogCloudAStar,medium,25,FogCloudAStar-medium-seed25.vci,136732,d811010592c86e991ee024ce6aa240036338536e4f616ac255cfb51dc3154e54
FogCloudAStar,medium,26,FogCloudAStar-medium-seed26.sca,1619872,ed5053991475af8bd94610918f06f33cfb6782c1678f11c040ad545a5baa6ab7
FogCloudAStar,medium,26,FogCloudAStar-medium-seed26.vec,7373176,a932dce35d16a046323ca091fc6cd3ffd6e274d27d2a8154221860e389665436
FogCloudAStar,medium,26,FogCloudAStar-medium-seed26.vci,138683,b027091292d1cecef170ae05f157886af2a9fa532319f9dfff32485fbac32680
FogCloudAStar,medium,27,FogCloudAStar-medium-seed27.sca,1619910,ac2140f2dfa027aec782b158de9b7b7c948ba52c9b15cc13dbce4513ab39fbde
FogCloudAStar,medium,27,FogCloudAStar-medium-seed27.vec,7536553,a66f09119ac204d60d94c916555c4b7d2d8134fa5ddd3914e99f686c3af4f04f
FogCloudAStar,medium,27,FogCloudAStar-medium-seed27.vci,138360,e97b5541a8f988c8f890adadea2cd60219a174dd11f681f609029bde6336dd7a
FogCloudAStar,medium,28,FogCloudAStar-medium-seed28.sca,1619876,0efd4d6ca50fecc043f2f83a41d4f29e78e0049c7fd52f3ae8025bbe0c4c7b5e
FogCloudAStar,medium,28,FogCloudAStar-medium-seed28.vec,7442558,d610cb5ac39b5a6fc702eedaa0ed2af97347be508fa057c2aa45e6660ba7467d
FogCloudAStar,medium,28,FogCloudAStar-medium-seed28.vci,138717,cafe40a2c3c8d90e5b8bd58aba0d13032f82ad10c750f2e22de7f295d712b161
FogCloudAStar,medium,29,FogCloudAStar-medium-seed29.sca,1619950,7197c5a67e0e57143dea4a77b86d8a9916c36dfc1aef2cc2491a8dcc603b4bc6
FogCloudAStar,medium,29,FogCloudAStar-medium-seed29.vec,7097086,401bd9b2dea639e724a8b03c40e37a80754065f03b816dbe45d5f29436f5a1b1
FogCloudAStar,medium,29,FogCloudAStar-medium-seed29.vci,138630,41812066d3a93f2fcef91547de2322c6bd2e2f4189e447297990f3f4762db996
FogCloudAStar,medium,30,FogCloudAStar-medium-seed30.sca,1620000,807cbe67ed9f8d919b63aa0c9922a5677ca5189fa2d2dff1d0c5d34b48fba892
FogCloudAStar,medium,30,FogCloudAStar-medium-seed30.vec,6841058,24c1400b9fdd0d9873eac26cd12362edf0deeb977064e0c873263f06efe6948e
FogCloudAStar,medium,30,FogCloudAStar-medium-seed30.vci,138770,49dc876dbc8240a8f304d6371cf5e3349360c6f3529b0c772fbb46b3f3d1ffa1
FogCloudAStar,high,1,FogCloudAStar-high-seed1.sca,2172562,6658053e550ea4715cf38c98b6dd1304b4a094ccda808eef82de93e09f2d5c0d
FogCloudAStar,high,1,FogCloudAStar-high-seed1.vec,10954101,5465613f765d418080b73bb661a1e828412cf3b833a36f4c340887c33f71a954
FogCloudAStar,high,1,FogCloudAStar-high-seed1.vci,190030,5a320bb4ef2762e8b7cadae2f71158086ec8dd42d023f883ae31c008131cd8a3
FogCloudAStar,high,2,FogCloudAStar-high-seed2.sca,2172629,adc88ab537baea9850fd0c92656e8d4758ec885f1ff0f0bc0b8288da63568ef8
FogCloudAStar,high,2,FogCloudAStar-high-seed2.vec,10766992,fd294423fbb2f18ddc6a54ebfdd82ae52c392e73dad75b22a777dabda3f7c06d
FogCloudAStar,high,2,FogCloudAStar-high-seed2.vci,189731,68cfcbc33eec2059bd95b7ab50abb54ffe7b25b6ba80ecfa13181bf96fc3266c
FogCloudAStar,high,3,FogCloudAStar-high-seed3.sca,2172691,131f1758f0ff5de1abb7777f723d7f16973d881afda569d47400af257a5412cb
FogCloudAStar,high,3,FogCloudAStar-high-seed3.vec,10905467,9808e70e7f9b010d15b93c20bf4ea88be95f78179f349cb72f80d5969c9f52b5
FogCloudAStar,high,3,FogCloudAStar-high-seed3.vci,189960,6efff30a03e81689e8531a63960d53c141f3cd2f40f19bb44197a0af31d58ca9
FogCloudAStar,high,4,FogCloudAStar-high-seed4.sca,2172762,2b17f1378745cf9478d7a0d95a53dbfe62fb1affffc027c5eb26a716d084d930
FogCloudAStar,high,4,FogCloudAStar-high-seed4.vec,11013944,6a7c187d255ed7a104b20807b6460363178d89ee25743f53367fc825e502ab0f
FogCloudAStar,high,4,FogCloudAStar-high-seed4.vci,190155,ecfcfd63b4c92cf1b7aee3fa3e9ed808b9a0e3c628f94db8cf7e1a4969f8ae4e
FogCloudAStar,high,5,FogCloudAStar-high-seed5.sca,2172700,c820b0b3c14521dc6bc7806e92d8f1f09af898c586e785d4dd9a330d3169b9cd
FogCloudAStar,high,5,FogCloudAStar-high-seed5.vec,11035312,612fd6f59724d9b52e0a52dc229d3a446ccece8685b7344f8414c88cd97ac7b1
FogCloudAStar,high,5,FogCloudAStar-high-seed5.vci,190281,0c66bd3b89c15a8c3cdfe3e7114a68d12ba6cbf386a951fb8c37d435171084b3
FogCloudAStar,high,6,FogCloudAStar-high-seed6.sca,2172582,d4bc5e394653de980b6da433e63d5a6d8b7c636a3d7950d9899c43b2d022b9b0
FogCloudAStar,high,6,FogCloudAStar-high-seed6.vec,10851627,a61a5cae71636ae94d102f6f2175a5ee4ab74b881ea1bae78c612d2f811357f0
FogCloudAStar,high,6,FogCloudAStar-high-seed6.vci,190039,cb5dca658a445f7de85e665fbea007d96098af90d4e3ee2a06e0206005019acc
FogCloudAStar,high,7,FogCloudAStar-high-seed7.sca,2172600,2e2510771830c7ffc32e18c93a5711545325070db459fb3c16588d0438b08d0c
FogCloudAStar,high,7,FogCloudAStar-high-seed7.vec,10379908,8565115acbd78de07d712e957af7e564d14855794eca3fd57faa6ba30d0cfee0
FogCloudAStar,high,7,FogCloudAStar-high-seed7.vci,189930,9a115260d284b74c459b9b8ea174a04da66fef21235acf8a51300175e8e8ad2b
FogCloudAStar,high,8,FogCloudAStar-high-seed8.sca,2172623,dd739cf65872008c3c6212733cd4a8ad4617e07a7f2b48d49be8370a41bfbc01
FogCloudAStar,high,8,FogCloudAStar-high-seed8.vec,10371221,060538fb37cb3a490d307a623811acfc4471bd7e9437cb133002a60c49633020
FogCloudAStar,high,8,FogCloudAStar-high-seed8.vci,190084,221b485e7e13cf579ab820c23e805a162fd516692bdd24a312a9b3a5acd1df5b
FogCloudAStar,high,9,FogCloudAStar-high-seed9.sca,2172558,6e8397bbbd8e7064d0df081da057a2d4271be79fdcfb80c45051aa021cd8ab9f
FogCloudAStar,high,9,FogCloudAStar-high-seed9.vec,10887642,8bc62f8050aa81db941dd52654ef91b6cd5d070961509d5864174347e21ca02f
FogCloudAStar,high,9,FogCloudAStar-high-seed9.vci,190298,4c367d3a8d37a943cfac748fc9e61016c69d7e4bc513362d305e1f08643ce331
FogCloudAStar,high,10,FogCloudAStar-high-seed10.sca,2173435,79c2557b1c7f165c8bfea20bc8bf82d931d3dcd759f53cc20861307d621fb444
FogCloudAStar,high,10,FogCloudAStar-high-seed10.vec,10836903,1f9e3c7d1c4f03d9e9ad278f3b7b9fecc6bb7da58e42c26add4cdeb442f15d3f
FogCloudAStar,high,10,FogCloudAStar-high-seed10.vci,190021,430759f62e7571643e042819a51c75ca52231115475701f4be547c38799565dc
FogCloudAStar,high,11,FogCloudAStar-high-seed11.sca,2173883,6a9714edb1e1d866da7d8f332e930d7d5c4cfad8a3330797c5cd6ae25cd3d3ab
FogCloudAStar,high,11,FogCloudAStar-high-seed11.vec,10622764,ff490276100f9aa61c230272f80809c36ad361acf2b9a06703b729bc2a0330de
FogCloudAStar,high,11,FogCloudAStar-high-seed11.vci,189642,b95ad026b45851e8e19c87c1c819892e7f9289adeba61eaedfb469330cabd8fb
FogCloudAStar,high,12,FogCloudAStar-high-seed12.sca,2173426,04dd39177fb1be3b33a0d8c6d4caf000c9c48bb6e6c1468b255ce907ad061ec1
FogCloudAStar,high,12,FogCloudAStar-high-seed12.vec,11175520,96acac7f2cf0637aeeed7c60fcc9e5f4a93bba9c7d7a4a9010d370082b382b86
FogCloudAStar,high,12,FogCloudAStar-high-seed12.vci,190047,df702e0a43ccbbbae3e2d92432bd5b1b2d9d02d6550be6929b85b214d7cb9127
FogCloudAStar,high,13,FogCloudAStar-high-seed13.sca,2173550,5ccbb26d0a8944d6a6eabd65de467de93534e9b0ca18bed3d49381b929c78152
FogCloudAStar,high,13,FogCloudAStar-high-seed13.vec,10495609,f31013dfc5a6c129a6052c7944033085bf92442418b16684b1f150716ec59aeb
FogCloudAStar,high,13,FogCloudAStar-high-seed13.vci,189803,a42068618569cd57d3eeacaf7c82326608ac1602f9a916923fd45011b38bfc16
FogCloudAStar,high,14,FogCloudAStar-high-seed14.sca,2173529,bf436a5739c4474005c66b5d03a4f5c383b8546447152ae009ef253c3099885d
FogCloudAStar,high,14,FogCloudAStar-high-seed14.vec,10893964,292a15d9da4986bb1b3d6b451ffcac501613ece865a79834b8b17ce2bde2994f
FogCloudAStar,high,14,FogCloudAStar-high-seed14.vci,189798,b8dfe47fadc9adcf40609ea3d5e2c056ba1f766510c31a088d5511541c7eb729
FogCloudAStar,high,15,FogCloudAStar-high-seed15.sca,2173555,9b0b38339ada4c4c2d3af9789dba4b23281840e60f75596929977b0f55553d22
FogCloudAStar,high,15,FogCloudAStar-high-seed15.vec,10476327,a8a7bf35790a410d45ff1735029e130ca8cc816eee1808635e4b3b3ee1e59e71
FogCloudAStar,high,15,FogCloudAStar-high-seed15.vci,189714,6403965922a0156b4bf075f8ba9ccf75d6aba73c12360cd08cefdf1937fe3200
FogCloudAStar,high,16,FogCloudAStar-high-seed16.sca,2173368,89c5c08be15977155360a7ec428072a55608438ea231cfde319eb1389b5f8dd8
FogCloudAStar,high,16,FogCloudAStar-high-seed16.vec,10182413,152e5f5869aaddb32446e44cdba9fcf607ef32cfbb727e1042d9591a4e3ae146
FogCloudAStar,high,16,FogCloudAStar-high-seed16.vci,189764,13e9939785d7ded04209e0fcc0cea146dcab56c29339b2925310392a5fd1ad4d
FogCloudAStar,high,17,FogCloudAStar-high-seed17.sca,2173607,8fb6bb6de435a7bec49a6e949a535ed4ecb51a77335688bea4d3388f0c5491b2
FogCloudAStar,high,17,FogCloudAStar-high-seed17.vec,11164915,5ab7e61db1d9da361ee73d45dd34f8d5da4c6a757935088862c2d9bf3ffc5100
FogCloudAStar,high,17,FogCloudAStar-high-seed17.vci,189968,87fe035f6a58c55900bdeb2daad50719294217619932b65554c9c1b2c51ec4bc
FogCloudAStar,high,18,FogCloudAStar-high-seed18.sca,2173362,4762a2b9da76b07dde6f21eedf9bcc9eeeac55f07b315510e6bb4c2ec28f3292
FogCloudAStar,high,18,FogCloudAStar-high-seed18.vec,10372920,4eeb46af898d7d74860c410746a8f37b4256df5e605001189459d0e78fc5ae12
FogCloudAStar,high,18,FogCloudAStar-high-seed18.vci,189871,7f375cd8ec362a8e7154061b82d5043eb70bc698b0877e47ba8a495c76e4f7c5
FogCloudAStar,high,19,FogCloudAStar-high-seed19.sca,2173568,f0290bbad830272b12b36e1fd19e63063ea676587038e35cdd099bfd1038e6c1
FogCloudAStar,high,19,FogCloudAStar-high-seed19.vec,10451289,8a263decd52df8283efe5565002b75ef258b41506a21b015a54a7e357c513765
FogCloudAStar,high,19,FogCloudAStar-high-seed19.vci,190222,884fda9a9abff7769cc191e20b74735708282bfd8059e202e87406c1190ad5fe
FogCloudAStar,high,20,FogCloudAStar-high-seed20.sca,2173509,91bd12841a75e10b59c3a9f26a38ec542472fb7f0dabf945e517aa18602d6476
FogCloudAStar,high,20,FogCloudAStar-high-seed20.vec,10557292,454f855a69b6e564ad2a74fa3a0e45289c8cbd773f9d36f09a0cb9285ac3f2cf
FogCloudAStar,high,20,FogCloudAStar-high-seed20.vci,189917,931417ad06d5e859ab2c88c193b7f1469852cfc259cdae3fae6e209fa7b1e536
FogCloudAStar,high,21,FogCloudAStar-high-seed21.sca,2173348,16475b4a9ec413d61267537824047b9d90607f7dad6cd1f9996d81741f35e03d
FogCloudAStar,high,21,FogCloudAStar-high-seed21.vec,10315774,83f783f6b83b0c506990869b81643e19363c87a824d73cf5a8e195a6609a8ee6
FogCloudAStar,high,21,FogCloudAStar-high-seed21.vci,189865,5db5bd39c2aa0fae6dde22c99f4fe343268c1c483fa1989e0acf2c3cb019f51a
FogCloudAStar,high,22,FogCloudAStar-high-seed22.sca,2173773,b7d5443139cb97475c349c8bef274fede8653453efd666b52fc5f16a4918660c
FogCloudAStar,high,22,FogCloudAStar-high-seed22.vec,10838400,aef051107dcee53c60c9ecebdf7d3a6ef65b084c425158b16acdf35e268f12ac
FogCloudAStar,high,22,FogCloudAStar-high-seed22.vci,190113,9916427ec719bac25c8a1c6954ec249615552f06d9c50e8a193500b7f71bd794
FogCloudAStar,high,23,FogCloudAStar-high-seed23.sca,2173469,be9d75e2fd6fecb4bf06a971386f005f0749f0304be83ea9bbec88b371fc4615
FogCloudAStar,high,23,FogCloudAStar-high-seed23.vec,10340928,264748d35d3a011568b063cd17be75dea160c55faea8fa3e7c8ae378325ee41c
FogCloudAStar,high,23,FogCloudAStar-high-seed23.vci,189755,bffe03b566a431f5be7a6f2f97f7259b7efb6b2641cebc6bd0aa09ff710d4415
FogCloudAStar,high,24,FogCloudAStar-high-seed24.sca,2173602,ed08c96707fe012cf1432da8412e81a5bca25117fbe3e412726c4ab8f3078c77
FogCloudAStar,high,24,FogCloudAStar-high-seed24.vec,11189392,c6e2fa198e5c361cd04679b99f7dcc3804c4858becef46cef495a48f333366b7
FogCloudAStar,high,24,FogCloudAStar-high-seed24.vci,189809,864b782214f8385145126e8a226b52dc157ad1719daeac2a15550046b06fdbb0
FogCloudAStar,high,25,FogCloudAStar-high-seed25.sca,2173865,d4ea4f82f27ca173a3a5c6b1df244d39b191ed96f2ca23db924f28b96bc8c199
FogCloudAStar,high,25,FogCloudAStar-high-seed25.vec,10804876,cb53e0207cc1c3dfb17a74c1514bd1ff5fa3a4a76e159e977c97c91bcc4fe775
FogCloudAStar,high,25,FogCloudAStar-high-seed25.vci,190003,73897434edf9b53e979b7ea0bb9d80d858a1924c80de36769eb515667a4449b1
FogCloudAStar,high,26,FogCloudAStar-high-seed26.sca,2173361,f9a22fa321290466e2dad73732293421c4624973ab3ed898913a23cd259defc5
FogCloudAStar,high,26,FogCloudAStar-high-seed26.vec,10632917,02f54301c4c03d62c86f0b02f5ed39c62f6db81e2a7586650c0e925ead635d61
FogCloudAStar,high,26,FogCloudAStar-high-seed26.vci,190103,700b03adda56515b5f30475547ea8fddbb7fbc7cd8408c853d0d5dbd665048f4
FogCloudAStar,high,27,FogCloudAStar-high-seed27.sca,2173627,a86ada18f3a6d4a13e311cce9fce099b6b5acd6891c64da9961747ecc0f02539
FogCloudAStar,high,27,FogCloudAStar-high-seed27.vec,10911898,d4a6b38dbc3dfd4e7b997dd1c04755d7376658cf1d88aa43f51be01f9be96c70
FogCloudAStar,high,27,FogCloudAStar-high-seed27.vci,190139,a2af2bd95e762602f652cfa3b0c51436751599408c90f5b718b1deddfffc6bd0
FogCloudAStar,high,28,FogCloudAStar-high-seed28.sca,2173608,c93806452366f17726197db909209a181248967f5ab61ac543dc66adc2162e7d
FogCloudAStar,high,28,FogCloudAStar-high-seed28.vec,10934006,2e59615806eaa25126c61fbc566df21bb9f27c6e4ba7126d977890efb02b95b8
FogCloudAStar,high,28,FogCloudAStar-high-seed28.vci,189762,7b2d199faac3ecf1b56c7b870ca42955523809edc8ad3165a8593abc0e43e900
FogCloudAStar,high,29,FogCloudAStar-high-seed29.sca,2173390,b61501a4556e4f6e26bf5ff0b953b060d2c8a4a567f6fa5f0b5b519abaf46aba
FogCloudAStar,high,29,FogCloudAStar-high-seed29.vec,10241756,4be70a0fe2703ab370a43f3f0c628033cbc0b440b74235264f0cb262085f1591
FogCloudAStar,high,29,FogCloudAStar-high-seed29.vci,189853,5ac10b169b6999fd74c89862c89f70ceda0df86a61a9fb705ae7cd0ec7996e7d
FogCloudAStar,high,30,FogCloudAStar-high-seed30.sca,2173596,6f95b0579f07a6aada382f8d31db0dab0bcdbcc8a681cfac8d77c3c6e400f411
FogCloudAStar,high,30,FogCloudAStar-high-seed30.vec,10252957,d75921b032160f4b5ff054af91abb1ca406a74a0c8e0df2992bad59c58bf0a8e
FogCloudAStar,high,30,FogCloudAStar-high-seed30.vci,189919,a09327fa0c4f5bc70468eed5722658d401d1b555fe8a81d732b4d2fecf3d4751
MistAStar,low,1,MistAStar-low-seed1.sca,906160,2128f48d98e5783b99f343f216131d8ddce1a240fa580de3ade9db59fd0ab7df
MistAStar,low,1,MistAStar-low-seed1.vec,3542181,bea446768b82ed9e7d1791c484b8defe9d1d6e29556a8d2c2062d5684a146cf0
MistAStar,low,1,MistAStar-low-seed1.vci,74134,b24bf32e5ba772722b6ce103f8186a795029cc0ca16bcb7d4cb5dac9153b7362
MistAStar,low,2,MistAStar-low-seed2.sca,906130,3bf71bcd420b135d7b7e1ee7cdca23a4f501495d1643321d72950d400b4fa5e9
MistAStar,low,2,MistAStar-low-seed2.vec,3548848,333a1bbec047004aeed327e596fb6773b4432bea140a2b578dec88e1a03dcbab
MistAStar,low,2,MistAStar-low-seed2.vci,74023,81904927dffd2fa0d966d5feb388b0698519ececcd393b7667660495ba127280
MistAStar,low,3,MistAStar-low-seed3.sca,906200,a25758919bac6ab9c62cc904e5bc3bf040facf6888d923e0882aa3f59152f0be
MistAStar,low,3,MistAStar-low-seed3.vec,3882592,efa912b68db8a42d0b162f1fb129f3a441f053e5396fcf831966cb9be6833b70
MistAStar,low,3,MistAStar-low-seed3.vci,74136,6d6906cdc21bbb842f94200b08beaa349db8aa3b5bb8d1d402a64b9ce45198bb
MistAStar,low,4,MistAStar-low-seed4.sca,906216,8099ccd51252fd68c1de17a49d62a71edd36a6afa0f69721922b9756224754e7
MistAStar,low,4,MistAStar-low-seed4.vec,3698231,33a530dd65bd364686d1b3a2080597f3a82f2073c7ddab9d9fe75a6efa255fe9
MistAStar,low,4,MistAStar-low-seed4.vci,74058,96c6b54c97d54b645a1ef506f4af632ecda64b4fb046bc78cc87a1c8c5bdb90c
MistAStar,low,5,MistAStar-low-seed5.sca,906184,1985a2a03517ce44c2de3df789a79b412d7d99fc3c42bc46c7cde27aeec9fd6e
MistAStar,low,5,MistAStar-low-seed5.vec,3623036,815c4f0a82681ccde1f9deaedf95b75aeaae144f2800af2f2ce6bff3cf0c1c66
MistAStar,low,5,MistAStar-low-seed5.vci,74144,58a512375de51b39c997281a0d79af6c78217c322bfd09cfd435537186a3c55b
MistAStar,low,6,MistAStar-low-seed6.sca,895273,f91b0359396ec1b1aea25bdb68fe2583d01c4aa90ae9a2d029c16bb8b9876248
MistAStar,low,6,MistAStar-low-seed6.vec,4717656,d06eb713bac7c9c708f01ec7f72cb7d1808ce794aff3a249febc4edc7b9a6b61
MistAStar,low,6,MistAStar-low-seed6.vci,73373,ead31d45b80cd28cbae18b5cc253d743e8673cbf41374d1d16aa53d5996d3390
MistAStar,low,7,MistAStar-low-seed7.sca,906186,a05631a04065d8aaa0ed3b8d8fd4c7144428950890c9a04719262cd995c29f9c
MistAStar,low,7,MistAStar-low-seed7.vec,3600058,f395ee8995a0a795c76ce302e761a9d7b9c46bbafb64e90b43a59835509085ce
MistAStar,low,7,MistAStar-low-seed7.vci,74049,066d9d5bb545a270ec38548a38c1e06e58d6ca85b5d2b53947fae42c73766d38
MistAStar,low,8,MistAStar-low-seed8.sca,906196,1493e54a131c837dc0e7c3c256d5e8585ef6f76f9e215cbd41b940319d18906b
MistAStar,low,8,MistAStar-low-seed8.vec,3641475,6d66a2e9e6d557afc56c2733561789d98f44649a0612b77d6e78620ffcda33d7
MistAStar,low,8,MistAStar-low-seed8.vci,74172,81763a3d6f9f9bf896f32d540663b30bc489a1957fcf6cbe37c215233c203b81
MistAStar,low,9,MistAStar-low-seed9.sca,906264,b485d332423478359a33b5fb468c3b98639565b6961b0352d4f6272127ea30e8
MistAStar,low,9,MistAStar-low-seed9.vec,3692632,2ae11d7588ca79b1d67030aca91d5a6da788a5539417380c0ce174d62371ef7e
MistAStar,low,9,MistAStar-low-seed9.vci,74209,fc77cdc2a4637b9a47a311fb97d74ed891018d7874bba8beef7ef456cfd3e96e
MistAStar,low,10,MistAStar-low-seed10.sca,906598,bc9292de26c8e25cac3dd323f0caa547e310c9b65cd79d889f46ace22fd9384e
MistAStar,low,10,MistAStar-low-seed10.vec,3790087,06399034bc4fec9b5daa2e33a04a087de11790a633ba4e991b9a71e6b0cfef18
MistAStar,low,10,MistAStar-low-seed10.vci,74130,c767406656b13ab624986bb53c28d89a217fe7dadfd8ee38ede2cb5d27815372
MistAStar,low,11,MistAStar-low-seed11.sca,906561,a8db887949871fc1c5dfbdc8aae1a0e37d50d9f616587d76178ddac406fbaf87
MistAStar,low,11,MistAStar-low-seed11.vec,3553518,e83684d98fb28b51fc641bcd57c9b5778fc8e0b5aad70f8c4acf828ca6d41840
MistAStar,low,11,MistAStar-low-seed11.vci,74046,5f68de2ecabc7c7d27ad7e6815c81ba5b3e80a86b73c5b2d3e1b46c534aabbbf
MistAStar,low,12,MistAStar-low-seed12.sca,885810,cf4c7e748d8d9f8072365e8f6703f1da9c32bc9c30e2e99a550dbf99e3401987
MistAStar,low,12,MistAStar-low-seed12.vec,4500006,0abac7a3cfc6d38a8dc2021ba0a2576d59eb49a395690cf67c8fca50c382079d
MistAStar,low,12,MistAStar-low-seed12.vci,72192,eb834ba2ba723c34b0701e1df8540febd979d0ebf335cc629efcf2df1d452fed
MistAStar,low,13,MistAStar-low-seed13.sca,906482,78b7c4a5329724eeb6f884bcdbca54463e90d16a1301c1e8b760f0c013a4a194
MistAStar,low,13,MistAStar-low-seed13.vec,3499521,adac39750708343305b766158d3becb2854bd54b28b61bca263fa455f2b2f88d
MistAStar,low,13,MistAStar-low-seed13.vci,74126,d235e8675ed29774540d5953c8a334e1ba1543071e1b414fcc2a6cf68ffd4704
MistAStar,low,14,MistAStar-low-seed14.sca,906564,56922da7a02c2ac970846a29c141524c17130d7ffd711d6d8e0a56feaf117243
MistAStar,low,14,MistAStar-low-seed14.vec,3595919,7461d8ffbaca33a27a6a81496780e32172f4a81996ae68397a5974997cc81023
MistAStar,low,14,MistAStar-low-seed14.vci,74150,a13b707dcd0b220b2db8d4ffb77b22671e5059ba162eefe610039e1dcdbf6c7c
MistAStar,low,15,MistAStar-low-seed15.sca,906556,f9f4fda64bc4912ab8c802849bb0273d989af67f79d029076c6c16c5dc400a48
MistAStar,low,15,MistAStar-low-seed15.vec,3546486,56231c10fbe02a03c7cf33e4c27aea39e0f15b78607ffb5db47b6d0c0c07c7b2
MistAStar,low,15,MistAStar-low-seed15.vci,74088,f76c41e5ce0dfb5b5d86086e5265caf0aaf63f5089d438fd4b05c44cbcd4dffc
MistAStar,low,16,MistAStar-low-seed16.sca,906636,14fce76895014e97119a7ec803df09bce99688ee512265e087890d9f1e7bb720
MistAStar,low,16,MistAStar-low-seed16.vec,3569936,da933e5880346f4b7ac2d11d80994c5048ae50e242787905b1e81cecd5bb387e
MistAStar,low,16,MistAStar-low-seed16.vci,74165,7514033c9ae9ae173df993fb2b1d87b09a85324f19f0b19b65bb7840e01bd434
MistAStar,low,17,MistAStar-low-seed17.sca,906641,08ffd8354622ecfa46c1ff7514a36509d78bd6254d0f0eaa824de07398d9b1d8
MistAStar,low,17,MistAStar-low-seed17.vec,3809339,5dc3728e6344d3b27ae6a51e43ca2d6ee8d9712c4458466dc6a5c52fa851cedc
MistAStar,low,17,MistAStar-low-seed17.vci,74066,f44e6852572bd1bed5fdf4c9f583c5d88401aa4526f26b8eada0a8c280cdaaf5
MistAStar,low,18,MistAStar-low-seed18.sca,895727,73df263e300dbe3c039224134aae88e9ee1985d2703bd0aa9bc27ab9f564d116
MistAStar,low,18,MistAStar-low-seed18.vec,4366050,bd536880851da963677b7dad03de73360585905c6c605e43ab71d3cd1c21e222
MistAStar,low,18,MistAStar-low-seed18.vci,73194,f021ff1cd6c9a69853a255f441a720bd6dedfe865fc73bb25e89a4e654cc52cf
MistAStar,low,19,MistAStar-low-seed19.sca,906474,617815ad9fd75d5e87f46605247a618501b063b8f8791e7b26a7fe6f7dde3e60
MistAStar,low,19,MistAStar-low-seed19.vec,3667588,80e4eb2e10b438595bc1cad276311f01ee3ce2e3c8c1182556eaf53f0b835626
MistAStar,low,19,MistAStar-low-seed19.vci,74126,777e6f4292c873eb51c28974c0290955085428493ff213b333a762225d8d146b
MistAStar,low,20,MistAStar-low-seed20.sca,906627,83fcfabf1e2066c0758c7efd0bb0b5b7742af78237739298f9beb58e25f68383
MistAStar,low,20,MistAStar-low-seed20.vec,3629086,d364d2d9442cfbad9da6f27760312724f5bac976cfaf8488a083ec73985d8aa9
MistAStar,low,20,MistAStar-low-seed20.vci,74104,794c3ebfca6a35cc2d8801d8ead26e1694e871ed86b25707e0b2780f569b0a38
MistAStar,low,21,MistAStar-low-seed21.sca,906535,38338175ed2f6008aa303f6c49e7bcb07ff85a95d46d8c1392a3c3b81a7cddaf
MistAStar,low,21,MistAStar-low-seed21.vec,3506029,9de2e68c0eadf077b03332095388db2c22ecedff51136740541eaf7d308d49a3
MistAStar,low,21,MistAStar-low-seed21.vci,74108,27b3befddaeaea71df4dcbb8020f423661bb8ecffc8063aa41e8fb177a65c1e8
MistAStar,low,22,MistAStar-low-seed22.sca,906577,fe9b716aae77da2f93db8678f4e66bbbb01ca8f32eb4c29c4fac600c74770830
MistAStar,low,22,MistAStar-low-seed22.vec,3774029,9bfe92b459fb10e1228adb69bb50feecb2b68d054c0f55a1b66451de94b431ec
MistAStar,low,22,MistAStar-low-seed22.vci,74147,a8c436016f3624ed890e02a52734dfbbe57659dbf9aaf424f9d33d1ddee696bd
MistAStar,low,23,MistAStar-low-seed23.sca,905391,be4f35637e2734cb90774a9563c5d78288d07d4a83f395ddb27b04a1dc368c13
MistAStar,low,23,MistAStar-low-seed23.vec,4179951,51afa924f837990f53e13de3e640ac252573bcdc7c10e3d9de7bfdf07aaea6e4
MistAStar,low,23,MistAStar-low-seed23.vci,74000,1ea2985e16af682014381d79816eec64ef953e29fd82a2bf2b131b59cea9cf89
MistAStar,low,24,MistAStar-low-seed24.sca,906527,79314c2f7c28a693afb15f8028ff2d97d9e04a34ca9349ca4b845d724f923cda
MistAStar,low,24,MistAStar-low-seed24.vec,3488333,87528c4bc4e83437bab371e03d1f225ec47bc1c8b643ba29956c901693c364cf
MistAStar,low,24,MistAStar-low-seed24.vci,74179,1c00725d3ceb5ea9514ab21e6199186dd740d0b046937d09c578caf368157856
MistAStar,low,25,MistAStar-low-seed25.sca,885903,4554ecf6f4216af6f630131da46a64df8adc7a01b1bde6be46eb7015f3f3ddf3
MistAStar,low,25,MistAStar-low-seed25.vec,4784801,2e3e288e9b5f43681d57e6ad03c8a6d26fc3ab546e8465acf3fab054ba6745e3
MistAStar,low,25,MistAStar-low-seed25.vci,72169,d0cf21f2121c4683b1123a73d30449ee294ad75e6e48e35887b980b8b21c1104
MistAStar,low,26,MistAStar-low-seed26.sca,906517,89ceb1c123c00294907ee47c5f24520007364324d0ff8f9da41ba68ecdbeb069
MistAStar,low,26,MistAStar-low-seed26.vec,3801161,1c4060cd6d5110188be1d75262e95ed7037b885976c098703c7425a06f5865e8
MistAStar,low,26,MistAStar-low-seed26.vci,74167,8490036e8e28d63c6cc9acabfb02a85ff10ce5f50da3a92d79edd65338142d51
MistAStar,low,27,MistAStar-low-seed27.sca,906595,a05a06920c8857127b5c1a988a56d68f8b797077755fbf05e506d1a03c290b85
MistAStar,low,27,MistAStar-low-seed27.vec,3885353,4b074ea93ad1d06dfa5bf19fe0b4cbb39974abb16208a3f260efd2387f1fadba
MistAStar,low,27,MistAStar-low-seed27.vci,74080,c4d5f57eb89bbc48057c49e5d12667ca55d65fff9bba1d2c2beca6e66492a6f3
MistAStar,low,28,MistAStar-low-seed28.sca,885881,f270f3504b2287313acc57ea8f2d3daf954770d1a2e3e188ef454294e23a7233
MistAStar,low,28,MistAStar-low-seed28.vec,4244784,9b4741759c40ab9eca5483bcde7a814a21371ab67974d81087cb8304c8045402
MistAStar,low,28,MistAStar-low-seed28.vci,72027,1ca3062319fd6b3fe1c60f3ee183de1272241ead5d0b86b2165252dd85354bab
MistAStar,low,29,MistAStar-low-seed29.sca,906484,d701c103fa7405592c43a3721495caff4590ef9f84e654ca53d0bda504c05d04
MistAStar,low,29,MistAStar-low-seed29.vec,3466312,3d298d1547ab2a93d4c04d31fd77842df5b3d01e56eef7bb5827f9f972c58e8a
MistAStar,low,29,MistAStar-low-seed29.vci,73795,179a3172c2c04e3287d9ec20aebb390637165d2f9615039dc6f44d4309c4807b
MistAStar,low,30,MistAStar-low-seed30.sca,906569,bcc47038d1b36080a33666a2697748b41b2bb10ff07aa2e30b74370f6ee85a6e
MistAStar,low,30,MistAStar-low-seed30.vec,3398039,0ea3af65420c8764419b0508b42f57b05cdfeebf927eb3135a2ee5e0ec46c904
MistAStar,low,30,MistAStar-low-seed30.vci,74123,5b0a3d19e5c2bfaeaa7f594772571627f6af9b5c068f13ec3a3fa3012161f771
MistAStar,medium,1,MistAStar-medium-seed1.sca,1616420,436c8ef05e1bfc3bf118fde4a048c4419f9a9312f8471460c3728a565e320bb0
MistAStar,medium,1,MistAStar-medium-seed1.vec,7193116,023cf6873b7a12f92c2d91240fdd93c03568909d0dcb6c5de45142189ea0c59d
MistAStar,medium,1,MistAStar-medium-seed1.vci,138604,274c448adbac00abacd8307ccef0b6391f09978d8e4c7527c0a88b2d733f8f57
MistAStar,medium,2,MistAStar-medium-seed2.sca,1616393,2b0148a64cbaed18e795dd0a6ccd4648f3bf5ed54b4a41ca9eccef951a4c1a9e
MistAStar,medium,2,MistAStar-medium-seed2.vec,7121640,762fa01147451a27b42b6ba303c8fd4af13a3a375be5f7fd1922f5330f40e013
MistAStar,medium,2,MistAStar-medium-seed2.vci,138483,067f052141d797aa2936c92d42ff11edf8a2f7cf29dccfb690e8b1821dc21f52
MistAStar,medium,3,MistAStar-medium-seed3.sca,1616602,e182ac44f9569754bb328bbc749845f9d9bd1aa882e4e9a6f01717cfbb7c8869
MistAStar,medium,3,MistAStar-medium-seed3.vec,7268383,76de75f9450efb72797214e4c423a60dfbe4f9a82c5b91704b8366198abfaf1b
MistAStar,medium,3,MistAStar-medium-seed3.vci,138469,0d3fe706cd416653b7d473672aa17ca23c5dc10cd5c0cba6c15061a5740985d7
MistAStar,medium,4,MistAStar-medium-seed4.sca,1616741,ffe219eb45862e58bff2a50532c64bd78e5c921f6e63222d188c8250171a4d2b
MistAStar,medium,4,MistAStar-medium-seed4.vec,7266525,a56ad9843871d7addc3b4c942d5b2ed5920c5e0777667461cca05f8534ac9c7a
MistAStar,medium,4,MistAStar-medium-seed4.vci,138688,8af7debfb83bf54df50833df6d3b24ed0e2a03a789b4ed505fcae9dd008ce91f
MistAStar,medium,5,MistAStar-medium-seed5.sca,1616532,5e83838792c8b862c470501bd2080fd7efe257ebfb0daa44ba1e131e25f3fa5b
MistAStar,medium,5,MistAStar-medium-seed5.vec,7400823,8aed407facf05f21073fa47364065a21dc6623f07bfaf4e8ee817d468a02fc63
MistAStar,medium,5,MistAStar-medium-seed5.vci,138522,51515c9323b2d0e83301fa3b8aec8fe19947d64842a54e42a3d808fa27ba5b75
MistAStar,medium,6,MistAStar-medium-seed6.sca,1616514,76a85a97d04ec010ed171521d4c74ac2cf022a96855a883d8f8c08bb9acc45c1
MistAStar,medium,6,MistAStar-medium-seed6.vec,7610483,31a41a45c6666387815aa04a714cc80257f3502a70831a7813b8c38cfdee6a72
MistAStar,medium,6,MistAStar-medium-seed6.vci,138619,58a9252aaadd9c61fcfa584f491ef8df54565114885c7966ea861d3cef96df8f
MistAStar,medium,7,MistAStar-medium-seed7.sca,1616567,f9da59e11c5fbbe0d51a7ae4f074bb0f573dd39385f72ad7682070ede5eb3678
MistAStar,medium,7,MistAStar-medium-seed7.vec,7490736,013b8dc9f837129b51c8dfd6cee7de5ba76fa4456c068ef8375e26f9b11ef29d
MistAStar,medium,7,MistAStar-medium-seed7.vci,138686,82a0d18e4d845aa101bc6604f851a7517947b54bda5b02d098184909883baecf
MistAStar,medium,8,MistAStar-medium-seed8.sca,1616600,e22c9961a1354810e267b7fcd17d961719006cee18377d6ed1f4273892995e6b
MistAStar,medium,8,MistAStar-medium-seed8.vec,6951263,dea86ae1bb04c6be6516ea64b791fdb709a9047671163b272415ab7810e604f4
MistAStar,medium,8,MistAStar-medium-seed8.vci,138527,110724f0362f7ff47d41006f70247133bf9e3d7c82918a46a01ce8d3f84a95cb
MistAStar,medium,9,MistAStar-medium-seed9.sca,1616765,b3dc4517c91a5372f2fe68e80f2987dff1e3b29878e0f956e42429e62cfc938f
MistAStar,medium,9,MistAStar-medium-seed9.vec,7568433,4479d8961b7c9047adf1dc6c02b85bca56e796df37ef1842867b15536493e92e
MistAStar,medium,9,MistAStar-medium-seed9.vci,138656,34d467160c4509e0bf771ca721b84a6a04e812ebadd94f7992199531ba33553c
MistAStar,medium,10,MistAStar-medium-seed10.sca,1617269,c45a4d310096c1572a6cf254eb841e0fa90bd63d2b46e158fe89867f79411b83
MistAStar,medium,10,MistAStar-medium-seed10.vec,7412514,0343201c49f981dd5e184576b3403535b38ef6a47ca844e2c14b69750c90e2de
MistAStar,medium,10,MistAStar-medium-seed10.vci,138865,4f232b6c9802b56caa827474ea66571785fda754da07fc10e97ed65712ac779b
MistAStar,medium,11,MistAStar-medium-seed11.sca,1617118,7ccd30a2451bed982724b7131ebbfb90476b3abb71c52e50ed30dd82a4c57e60
MistAStar,medium,11,MistAStar-medium-seed11.vec,7336449,10e3c16fe2fc6b704461145afe77bf499f460c6736745fe71199c081658e16b1
MistAStar,medium,11,MistAStar-medium-seed11.vci,138316,619a203b0052ad22c98c90147c735fcf96b892d5722f3b110b13851341fee957
MistAStar,medium,12,MistAStar-medium-seed12.sca,1617049,163f5aa6a64b2b58d76d709fc23040bb31e42758ae4a5c8e241cc600753ee355
MistAStar,medium,12,MistAStar-medium-seed12.vec,7332565,3efcef91ba2f97ca6778595ee38299542c1c37a6144f78872abda440f5368893
MistAStar,medium,12,MistAStar-medium-seed12.vci,138474,0b0293fc227a3ea719ed9cbe23c1c6ead9f7d8addce38a56d3465bcddfe1c854
MistAStar,medium,13,MistAStar-medium-seed13.sca,1617033,1e5da895cf5708d994679fae7dc1b8264dfd1c3c39105c3daa2e8246c1638138
MistAStar,medium,13,MistAStar-medium-seed13.vec,7415768,899a41138eafd997b4fc4e5f0f7b196d7acf35e0d16224a4fd785b84252a582e
MistAStar,medium,13,MistAStar-medium-seed13.vci,138557,a164a7d7accd5c4926013d38f35cad11e6dfc9a20d68b896a5c3b72a7f3629d8
MistAStar,medium,14,MistAStar-medium-seed14.sca,1617213,c39636e73c0485bc32a374947f8ef227f8a1257fed4605a0c4d84d171e3a45f0
MistAStar,medium,14,MistAStar-medium-seed14.vec,7198221,630ed767698e6d244d7458fb12eb05f474bd786d7fe7037704c609ddd7ed0321
MistAStar,medium,14,MistAStar-medium-seed14.vci,138549,40b8aab41f386ff01b148aa96065025158c90f7b1771777bb72ac2cc0232ddde
MistAStar,medium,15,MistAStar-medium-seed15.sca,1617145,150e40aa71e863042396402ffe5c86d0f2e3d2598584d1fce1bb2f101b7fc877
MistAStar,medium,15,MistAStar-medium-seed15.vec,6872739,e1937a06db9b9c460b84252f2c3251e5c25f5c1bc40c2c9eba9bb3b8291217a1
MistAStar,medium,15,MistAStar-medium-seed15.vci,138635,0a07fabaac509b2053f9ad810802d97b02731f1ed61d6019db60615a73d3d0f1
MistAStar,medium,16,MistAStar-medium-seed16.sca,1617274,f879d6bd9084cd5fdf1087f2b023bc3a205ad54b1d703ecc366043028c715f01
MistAStar,medium,16,MistAStar-medium-seed16.vec,7309512,38f720b3d10d1afdd66ce4dc512db96ba4b967578a88aab805b093b724e29fb8
MistAStar,medium,16,MistAStar-medium-seed16.vci,138735,c1b13edb97bac5db7871e7e9fab4e16e3b1444265fc8a3d24005cba724bfe604
MistAStar,medium,17,MistAStar-medium-seed17.sca,1617213,1c4ba076a0590a7f7ca132da6163fd085d465d6701290bf07043acdc4bc44c0c
MistAStar,medium,17,MistAStar-medium-seed17.vec,7436712,aa90e087d0a3a1a625551b8738f9488050931e786ba836b62849a12bbf8e4337
MistAStar,medium,17,MistAStar-medium-seed17.vci,138526,417b297bfea121a41fb9ce04160a57416e1eba2def21217e6f42402fbe70867f
MistAStar,medium,18,MistAStar-medium-seed18.sca,1617212,8f5a21cccb6cf5966f13c69ec5a5b57405080325f7c546223fe8f9afcdfd9978
MistAStar,medium,18,MistAStar-medium-seed18.vec,7355019,30d63f0c36a23e91d36884cceb10a4c765d0842406ab7dc8ffee4ea15671c90e
MistAStar,medium,18,MistAStar-medium-seed18.vci,138551,32c0737eb6da3025f51e7503f1fa0c5f18a793084e474f80757f5a853a43561e
MistAStar,medium,19,MistAStar-medium-seed19.sca,1617325,da9f1a336810b2484fb1a506251cd80b365c10a5c7f83ff51f07adcf17f44db2
MistAStar,medium,19,MistAStar-medium-seed19.vec,7252806,b4308545cc0ba43262986e69354b39cf4feec744a90ba755877d9dc8c2daf539
MistAStar,medium,19,MistAStar-medium-seed19.vci,138571,c4995bc933aa67858bf343e3eef192fcf2cc0a89e5b5b95f388c15e9624ab1b2
MistAStar,medium,20,MistAStar-medium-seed20.sca,1617123,4ac70fba1fb1fef1e5512b99cbc972df7a3c2456ea50c1f8e5a882a5be1419ae
MistAStar,medium,20,MistAStar-medium-seed20.vec,7389498,8ae2d83fe91e160041e0b9ceb404c8ea9baafdbee4c5b00fd57c802d362f37a6
MistAStar,medium,20,MistAStar-medium-seed20.vci,138677,87cea081635c3bb187f5f4c85d0fc249936efd938af07eda967b04eae1567ef1
MistAStar,medium,21,MistAStar-medium-seed21.sca,1617039,d0b5680cc236dc89ecd69bc70a17de37206140f762c857bef7c1e445656ab5ee
MistAStar,medium,21,MistAStar-medium-seed21.vec,6885216,cfa305254113c58a0286dc3413a5d1a3ac57c291dc408b1a00c5253564665eaf
MistAStar,medium,21,MistAStar-medium-seed21.vci,138567,01812ad8a9da87ea55c6211f3e69e0c7678c968daccb1e3c53b10046dabdd0d7
MistAStar,medium,22,MistAStar-medium-seed22.sca,1617072,a4403cdcb15e229c526945b2ed13bdc30915288dac631921c95b466e05bd2580
MistAStar,medium,22,MistAStar-medium-seed22.vec,7623206,c69e2724089b5045f88bf6059b7623cd450f7680a44e46ffc535c8b886fe8003
MistAStar,medium,22,MistAStar-medium-seed22.vci,138453,dbab75bb44008d258e34290197598e03a100134cdc597c99afa8c8c2f5355ca3
MistAStar,medium,23,MistAStar-medium-seed23.sca,1617104,b339f5879a19e2b078348b3ff14a3c53d7322348b306a6bf4473e1578e8f893d
MistAStar,medium,23,MistAStar-medium-seed23.vec,6943413,5ca579bd6dd7dbedaa1cd22b1a1a3a4ccea1e7ddd07309a5d34a683590d6ed3e
MistAStar,medium,23,MistAStar-medium-seed23.vci,138659,69b0cd06cc671851c4085b95f1d977211646056e017179b98a76a7c29dbfdf7a
MistAStar,medium,24,MistAStar-medium-seed24.sca,1617089,38b6a5988a3adbec6d6634512a87234e313bb9b777b129b92ece0ad25107cdc8
MistAStar,medium,24,MistAStar-medium-seed24.vec,7527903,fc70f5ea664374bf58039acb6089d97aa031315ae21f95d23eaf93e3a00a53a8
MistAStar,medium,24,MistAStar-medium-seed24.vci,138588,4c79731b0a2b5c58e1533a2e3c6295ab4ee5cf472e381b340e7c8855d25c27bb
MistAStar,medium,25,MistAStar-medium-seed25.sca,1596162,51f6576adc93bc66abc4d9b7f9c3ec856fcd7f0a1d6f025d9468c48e6a9d8520
MistAStar,medium,25,MistAStar-medium-seed25.vec,9280124,3d7ca12fa6b5ffb6de24f7e13e84be608a91938163310fcb792831ab900e3470
MistAStar,medium,25,MistAStar-medium-seed25.vci,136694,d6a67e370827b0bb252a0f61f1db1eed39e010f637ffc877131dae0fd2f23faa
MistAStar,medium,26,MistAStar-medium-seed26.sca,1617083,b967ab0b0c380cc3f750019930a121921466580e6ccc71b3fe4b4d88457a36e7
MistAStar,medium,26,MistAStar-medium-seed26.vec,7370598,97d8ccd571b34a41c2da70f0f74cc3b66378ddc04825e0f380f218740a8268e2
MistAStar,medium,26,MistAStar-medium-seed26.vci,138654,88234cbb80a2006b02f4e6f3d5deb758f175c74bb56f8854d9003ddd95b9d17e
MistAStar,medium,27,MistAStar-medium-seed27.sca,1617035,034460a9525f4a4afb26a0160d62699165479cad2a26a6f2e9990c63c6a618d1
MistAStar,medium,27,MistAStar-medium-seed27.vec,7512379,f182196b446944648ec8e78ccecb93651eb5098e316468997003b5727a312b6e
MistAStar,medium,27,MistAStar-medium-seed27.vci,138397,626f9dfec071a8bdb45987cdab5956078654c80667ddb5f9a97dacdfa0931298
MistAStar,medium,28,MistAStar-medium-seed28.sca,1617084,30fd2b051ee20c3ee3a5288a48e8434c39c1b38d4a51532d1558ed6797db64d8
MistAStar,medium,28,MistAStar-medium-seed28.vec,7446102,61850b1468990e55202b10e023eab9cdac0d8f3eaf9da2e81b9c3a7e85a02bda
MistAStar,medium,28,MistAStar-medium-seed28.vci,138591,2d35fb161db70f7e7743bef92bfe3c11e02493421bfe1fed2443b324f6f1587d
MistAStar,medium,29,MistAStar-medium-seed29.sca,1617084,ebab80ef2541b660d6d87b79326941724077eaf1d0eba73e669330ccea0d07b2
MistAStar,medium,29,MistAStar-medium-seed29.vec,7088624,7153ebff81b5b664b7129d7a3853590e2d2ef503ac8183cf83b5328ad1b899dd
MistAStar,medium,29,MistAStar-medium-seed29.vci,138536,6a397eb3bf285a7656d24725b47603c7998aef43d8b9662c289378899dfe9390
MistAStar,medium,30,MistAStar-medium-seed30.sca,1617122,1debd65e882892b6944b0f7a45432ca57d3c315adcb1cf7f8b5b3f54d56c7422
MistAStar,medium,30,MistAStar-medium-seed30.vec,6813393,7fd6f77f33180361279ebe9742e5a6abeecfb679831876f0016dd9a23b58e6db
MistAStar,medium,30,MistAStar-medium-seed30.vci,138783,f4f08c6f86136e926ccdb558dc03d18830337dcf12916c0f03ac4434a8913520
MistAStar,high,1,MistAStar-high-seed1.sca,2168932,a3ec2473e7ba8104d24186ae06b7eb4ebd79cbaff5622c94c144d53b37ba0ed8
MistAStar,high,1,MistAStar-high-seed1.vec,10695355,e6358a6d8f8214927da7b33bf6a80d96cb3e65c4b5d8422518119d5bd6716a25
MistAStar,high,1,MistAStar-high-seed1.vci,190123,38081471cd29f4ed2446e65902b2361b0196ca49127bff5839dcbf991fcc64ca
MistAStar,high,2,MistAStar-high-seed2.sca,2168988,06711769d0c4367402795c05ffccf49b29bcbbcc9e22bc77503e56afdea5c4a4
MistAStar,high,2,MistAStar-high-seed2.vec,10573551,8d030f33dacdf84d5fde49611f8f9cca7bb7bb17d24318a176719abeb4168698
MistAStar,high,2,MistAStar-high-seed2.vci,189580,a952a6fa1e0797e744f8be02b17a72b0311f8dc0b9521be4cd6d2ef3adaf1af3
MistAStar,high,3,MistAStar-high-seed3.sca,2168930,b63ef25222462df2c5f7d88092c06041e6011d3a8a9046575c1010009f204daf
MistAStar,high,3,MistAStar-high-seed3.vec,10799604,f846034d0ff349e868b84c7ec86f5eb7b1b82fb035bc4d6eb1aaa59b461a9627
MistAStar,high,3,MistAStar-high-seed3.vci,189921,3540bce0ec4113e65b211d5bf6c92c2a77d305e8805856903fba5622fce9d734
MistAStar,high,4,MistAStar-high-seed4.sca,2169071,80a143249c3fc495c9fdffe4e8986f36e92adea9f000b3993c1caedf15eea3e0
MistAStar,high,4,MistAStar-high-seed4.vec,10965648,102a94466583cd2d5d8d4382cd0f25fe5b66d3e1c9e055e5c703339422fd8264
MistAStar,high,4,MistAStar-high-seed4.vci,189993,014fffdbf99bdc85da5b6367440571cd84d28187722529497ec4d034ec123144
MistAStar,high,5,MistAStar-high-seed5.sca,2168991,150df0c23a1e722393b00a37fdf00df867351c1bc4216b5c2f13d4b7208ffda5
MistAStar,high,5,MistAStar-high-seed5.vec,10905030,63f910e8e4b108c478e4a93390ccc7e962668d5a1b82434b2d7a8dd0c3ee93eb
MistAStar,high,5,MistAStar-high-seed5.vci,190150,f932dc203d26f8aea4484c8f6aab6c69cc141b9ec3a4e9679b48b6579952bc75
MistAStar,high,6,MistAStar-high-seed6.sca,2168810,0403308603d5df9c913208283340da3f90e037a19d7fcd9ede26847a720803ec
MistAStar,high,6,MistAStar-high-seed6.vec,10850957,29b7bfe6c11e4657029753d9a9cd49049920c7c8e4e81e23bbc6bfe218d289b5
MistAStar,high,6,MistAStar-high-seed6.vci,190048,37ffa8e0624e9d425827cf93ba017984dc58eb3e5adccd205568314402200cc0
MistAStar,high,7,MistAStar-high-seed7.sca,2168879,4c033dc13817cc08602070175626b50a2d0c1ca68e40bc7bd08b1db83f5d6bab
MistAStar,high,7,MistAStar-high-seed7.vec,10505472,c32ffddbcba8c461fd800c91baa25afcb18b3b7a504ca78c6aac55d8652bbaf6
MistAStar,high,7,MistAStar-high-seed7.vci,189953,d5849ed73456114096ee3ac14ab7893bd831787527f52b7462ed6ab79afabde0
MistAStar,high,8,MistAStar-high-seed8.sca,2169178,8e82bf0ec7de96204efe339995923a19d4ef500861b7962189955c05eaa9a334
MistAStar,high,8,MistAStar-high-seed8.vec,10432350,0a07fe0dae15ab513be5f83cca3d747450958671330d37d0d538867843fd4e67
MistAStar,high,8,MistAStar-high-seed8.vci,190040,4b53396e9552adb5777004b0ac1b49edd0d35e6835169d0182609cd646fc0f70
MistAStar,high,9,MistAStar-high-seed9.sca,2168961,5fdcc1d1efc8d89510e4fd1aefafef1747062006b806e6eddb729a1c50b3f361
MistAStar,high,9,MistAStar-high-seed9.vec,11067650,d67b79e2d25e4384b9d3ae46976620d32b6d221ca0f00b3728ef4e5283ed551b
MistAStar,high,9,MistAStar-high-seed9.vci,190157,f3585e76e9c4b9fd9b13ff3dd916d7676681ddf21ab17c7d0d87ae577a6389b6
MistAStar,high,10,MistAStar-high-seed10.sca,2169618,c0c9317d2e26cd3cbcdfeee01f0b76de62a3b9a0ec2cc5c5f129c91f45c9c991
MistAStar,high,10,MistAStar-high-seed10.vec,10834807,1d1f114c1564ff2d23367da54e3fdd72a3c45c4d1776aa5399d2424878d2dd0f
MistAStar,high,10,MistAStar-high-seed10.vci,190041,9f91eabeabc7ebd944cd28f4d2911a518a325fa1c6d47e60381157975d73da57
MistAStar,high,11,MistAStar-high-seed11.sca,2169843,ee9f20ccfd6eca5ba4f09a772597c81e990bd3b81e99c220859a9e28d8a53195
MistAStar,high,11,MistAStar-high-seed11.vec,10631831,893b5392db0ddc244039ee55f32ff1e926a3db3e31b2e5bcf9908e4605a9fbaf
MistAStar,high,11,MistAStar-high-seed11.vci,189673,97d11c9896b5f3be6b71a1be9a1f10ae42fa206157d177cec80c472731d2ace3
MistAStar,high,12,MistAStar-high-seed12.sca,2169749,dce5bb7b6eb2d6b0963c60f214fe47c06c4c381a6cbe56c7123a1ce3eaa9b5af
MistAStar,high,12,MistAStar-high-seed12.vec,11035080,ddd1d5bb68ea80a54f936220cd9e9a6f257b649fb87e6a17cbf2deca79b1feb5
MistAStar,high,12,MistAStar-high-seed12.vci,190024,afec165302ac2b91825fdde3877f2e9e5e22b83b12b17bb56cd640f9669bec6c
MistAStar,high,13,MistAStar-high-seed13.sca,2169785,02391e39ff53076936a6920900541d2c9e682933e495a551e5fed5dbc64b4543
MistAStar,high,13,MistAStar-high-seed13.vec,10511889,55ffaf1c2803791ed872817774b734ca418660c538879be40a56bb09e7d7e24d
MistAStar,high,13,MistAStar-high-seed13.vci,189851,d622c49feda81c30e34a97435d3481ce3f64d76ee6aa717ba775751186e05107
MistAStar,high,14,MistAStar-high-seed14.sca,2169852,1b207f80f49f1ceb5c8a1304e5e2fbc6082be5d498a97ebebe83212fa2bbd94b
MistAStar,high,14,MistAStar-high-seed14.vec,10810870,41adbd0a6b9a92fef727741ecc2a3342b30fefe071b8fbc45d175322dd048ee4
MistAStar,high,14,MistAStar-high-seed14.vci,189650,06f82f5a4d8d903e742e047554de4eac964788478169ef9bce500ca4a1f817ca
MistAStar,high,15,MistAStar-high-seed15.sca,2169728,1db0d706a1e20b68bf60fa6ec3c02375ebd902279a22fbfc226bf8d13b87ce5d
MistAStar,high,15,MistAStar-high-seed15.vec,10466697,98624967701b59ae147710a5fe1186a3fe6da4776ffaba893ce6a49f97537a4e
MistAStar,high,15,MistAStar-high-seed15.vci,189808,c483195cc7547d94f0f6f9d134407d54e7db7ac2a9698c6b5760840d7a85d9a3
MistAStar,high,16,MistAStar-high-seed16.sca,2169881,45cd82cacc921e220999468d94fe744ff0f22b08af7331d159e5d6f7163ad972
MistAStar,high,16,MistAStar-high-seed16.vec,10182879,a8b9ad870ea4567dae05e61ac3456c26b0e9c0adb311d0076414583c0bb9050e
MistAStar,high,16,MistAStar-high-seed16.vci,189814,6606f90972dabc44842a3302273dd9b51340f70697218ba7b5be638dfce95679
MistAStar,high,17,MistAStar-high-seed17.sca,2169828,4725bedcc18fb760bfe2c0ccba065f0be458ecc099fd3b3d0167af41e7e025cd
MistAStar,high,17,MistAStar-high-seed17.vec,10942631,124b69fc4262af9ba43a7ed55b9f8e1b10c67fea14f2f7ac1fbaa1c9b58c07c0
MistAStar,high,17,MistAStar-high-seed17.vci,189928,4e73eb35524fb148eb12ee9d21e369b8f8bd31dc1a166d9f4cacf7636ae27b08
MistAStar,high,18,MistAStar-high-seed18.sca,2169668,c0abd93f51eca732f86c9d65fc187d5f0087ac63ae50dbc090caa636bd654ee0
MistAStar,high,18,MistAStar-high-seed18.vec,10357112,26274a09a3fa9bf545c02e8bd7dd802a337e2489a3ca98dd0755dc8ec4778c46
MistAStar,high,18,MistAStar-high-seed18.vci,189691,f451dfeb4b01d51565ac7c06021466b5a7143191f964605c669658a264b3e577
MistAStar,high,19,MistAStar-high-seed19.sca,2169882,7ceb63ec4e2e0b1f9e40b706cdb84d2a862aa1204ffee6b7f444631b89bf2645
MistAStar,high,19,MistAStar-high-seed19.vec,10442993,7a59eab4754c9dfda18b77f98b59034c1dd8f356fcdd4506ac400cb0ffaaced5
MistAStar,high,19,MistAStar-high-seed19.vci,190097,4f9053f82fb933111249156d15b905e38947ee3d2f6f3cbec1585a3570d58e16
MistAStar,high,20,MistAStar-high-seed20.sca,2169834,2090511e8b2f8fdd86fad28ca40ed8e662d2229ef3a1bca172f00e1ba9a3022a
MistAStar,high,20,MistAStar-high-seed20.vec,10567440,7662de3bedaca9714c03b4ea694d05d175e4d27913a081455047eb81dbfbd485
MistAStar,high,20,MistAStar-high-seed20.vci,189994,9237628876a442bf0e729d17dc38c8922278d83410f0907b86672e41b45ea2af
MistAStar,high,21,MistAStar-high-seed21.sca,2169687,61595e537d84490d69dcd79804be8045b1f8dc86509ed83493e2b304f7117943
MistAStar,high,21,MistAStar-high-seed21.vec,10315301,5102bbb4ca3e2ee6330aca50d27b29bad3d12b634b998e6c54c4669b0d94464a
MistAStar,high,21,MistAStar-high-seed21.vci,189837,f0d32112cc2bffae73842b4ab8cf00eb667527605585d191bebebaa07b3a5691
MistAStar,high,22,MistAStar-high-seed22.sca,2169735,d345e1123cb4bca453fe6777c9304f88e387c9b1e0e0869ba14c168134760f35
MistAStar,high,22,MistAStar-high-seed22.vec,10901434,71cf2e9d8ac10a468da470427a63bfb1bae3cd53bf93457b29bdcae9dff896e4
MistAStar,high,22,MistAStar-high-seed22.vci,190084,3aa96cf263df99ca105ab5656f220ff7ea5858846065904df615f840a0d40ccf
MistAStar,high,23,MistAStar-high-seed23.sca,2169799,3c1fdd32bcc1c6f4ffb3a444ce2b8b77cab2f910c0ec523d47e0aa0786deaea0
MistAStar,high,23,MistAStar-high-seed23.vec,10382902,9c6a8e94b2378c6cf26107274fab8f09183ed5868b46246a69effa6cf61dd434
MistAStar,high,23,MistAStar-high-seed23.vci,189845,d5181300cfe2ad105c3478e94a1402f152164a6f3e1a3e2ecb317bf6aec15480
MistAStar,high,24,MistAStar-high-seed24.sca,2169904,63df01066d239304a5a2ef8304eb8e8d9592811b488b2881ae869118631a83d9
MistAStar,high,24,MistAStar-high-seed24.vec,11091379,1e9f1c405da77683311287253b06d5497ac096b37180cab81f4787b2b487a561
MistAStar,high,24,MistAStar-high-seed24.vci,189740,869011bd8c256df78ae8e512617913d37ea0f3e256b9b21f3c5bd2c506315c93
MistAStar,high,25,MistAStar-high-seed25.sca,2169968,c5d1a44cbc974355ca2c4045aeff0f94d32d198c34bdef9fa1e2016cfa695a50
MistAStar,high,25,MistAStar-high-seed25.vec,10811143,b2a706468e719d9694f92283dd650320c0e68e03cd276ebf98a2d5f406851209
MistAStar,high,25,MistAStar-high-seed25.vci,189927,6249ba2f42b9599b13dd4633c763dd67c5436c587181355ed5a5511a1ccb9f2e
MistAStar,high,26,MistAStar-high-seed26.sca,2169834,ff781522c25336c08b875665cf3f36da58825b91aba199c627959137155da7d7
MistAStar,high,26,MistAStar-high-seed26.vec,10633065,c2fb3fade625bbe95d7e9312f03af35a5e7c28cc51cee1ab320a5721c0a3375d
MistAStar,high,26,MistAStar-high-seed26.vci,190087,0724427e0f324d9a2eacebca00f567b03d05a64f3de3fc05b0a81c086acc13e9
MistAStar,high,27,MistAStar-high-seed27.sca,2169792,ee49cbb5fbe884afaa93ed3d9570dcaca8ca164d780a79dbc1a09af7dde81a0b
MistAStar,high,27,MistAStar-high-seed27.vec,10931639,d731a0aa435a2a741c818e8f6045c975fc836d30c6ed3b5afc1ea9c98ad4335d
MistAStar,high,27,MistAStar-high-seed27.vci,190288,517fd9e73a2852ae22052997971767a86ac239e17bfd29917e38c7b863c87162
MistAStar,high,28,MistAStar-high-seed28.sca,2169720,80815a17b06d8b876f333b259dded2ac9cfa08079673b6f1de48d195e11538e7
MistAStar,high,28,MistAStar-high-seed28.vec,10904369,7ed6d5e05889d267dc16f4cd8d7e5b1d5a92d60124935cd365935547dd434f91
MistAStar,high,28,MistAStar-high-seed28.vci,189791,d25de590a8e9ecf06600c6ecb2fdcf2784655a70119e827a086a707e3ed7285f
MistAStar,high,29,MistAStar-high-seed29.sca,2169753,3564cfe1eeaa4ea01b0506f699ce5664ab6d30c44f4f5f543fe5f91236ae968b
MistAStar,high,29,MistAStar-high-seed29.vec,10164775,809a06a9f4a8449a9483022977f46138a84e5892143b88331ea8abc4dd7d31ad
MistAStar,high,29,MistAStar-high-seed29.vci,190041,460bb9b9e8f8c4c250f228ca27939f177231d838dea3caa7e8af064c5e733d9f
MistAStar,high,30,MistAStar-high-seed30.sca,2169825,7518a00af486dee2b1347d154b85b64bdb6491c9be316d4c813ba2fd19b01742
MistAStar,high,30,MistAStar-high-seed30.vec,10210751,42dab7e60aba21f69e30d7fa9acacf0407f1702bd96fff5d2ae9e7915f4e8e55
MistAStar,high,30,MistAStar-high-seed30.vci,189815,eb749a1f6376087ba123767d8eee43710257c092243cae731673819e182a62b7
MistDynamicAStar,low,1,MistDynamicAStar-low-seed1.sca,908862,7d3e8b8101721739cb2a57d9f372a0a7694a6ed485bda5589dccbb8fb991d93d
MistDynamicAStar,low,1,MistDynamicAStar-low-seed1.vec,3542251,ee3c0accb2ec41d9679f3ced9ceaf731c02f7536dffec031e4b67540df4bfeb1
MistDynamicAStar,low,1,MistDynamicAStar-low-seed1.vci,74204,6895e3b6fca5987be9c7817d09dcc662be012bf51a4c583648fb97c4fbea38f6
MistDynamicAStar,low,2,MistDynamicAStar-low-seed2.sca,908832,54e0077b39c7a027045f612974f388cf5bdf2c3a05fb006252688f23ea2f1809
MistDynamicAStar,low,2,MistDynamicAStar-low-seed2.vec,3548918,6e2fdce25a91b3a9d0b4e894bda17f50d2f5886e16b38267afb6249e4aa6373f
MistDynamicAStar,low,2,MistDynamicAStar-low-seed2.vci,74093,a61e5379343c858004a1e5aba544e481eb18c949c647630a89b87dd8ac001e86
MistDynamicAStar,low,3,MistDynamicAStar-low-seed3.sca,908902,256e9e20016fea5d98a4259cf74efba947bec92490055b11ecc37a76d558aa29
MistDynamicAStar,low,3,MistDynamicAStar-low-seed3.vec,3882662,0bccf2222b17c94e4ae8978fcadef40fd9c06e4b8a6c135fb53956047cdb8f70
MistDynamicAStar,low,3,MistDynamicAStar-low-seed3.vci,74206,e18ebae13c6b19ab139a146f710728413c17116b641a3bcdf1304a3c96166c88
MistDynamicAStar,low,4,MistDynamicAStar-low-seed4.sca,908918,8d2a3f22b2bfb0122e5af6b7d7c6055a6ff16044319fefe18728d39740e71933
MistDynamicAStar,low,4,MistDynamicAStar-low-seed4.vec,3698301,41ea8cea5666b5372466243b4164682b144b173d135a16d2922e506a7aa74540
MistDynamicAStar,low,4,MistDynamicAStar-low-seed4.vci,74128,a89ae7962216287cf8c4951ca026b8fb70b68665ce6e6dd1a876b9b48cb07b9c
MistDynamicAStar,low,5,MistDynamicAStar-low-seed5.sca,908886,9c6af1b8c66003f8226507fc4343b58a57a4b84c984a77debc2e10719e4aa3bd
MistDynamicAStar,low,5,MistDynamicAStar-low-seed5.vec,3623106,fd31ce7b8023e52829ae3e5cba1ef60d865e49f5d0382fc186f1831654019aa3
MistDynamicAStar,low,5,MistDynamicAStar-low-seed5.vci,74214,e60a8286a94c07478a0ed67ea073362e170c5a03bab02ab83341755c942bb82f
MistDynamicAStar,low,6,MistDynamicAStar-low-seed6.sca,897947,6c0becbbae6d2de7f0eca5cb4d80378901fb84cfde34353f32e9814125d52231
MistDynamicAStar,low,6,MistDynamicAStar-low-seed6.vec,4717726,14436e9da692670047b35628711abf4fd37fb7acd5c343b78dddf633fc0fbe08
MistDynamicAStar,low,6,MistDynamicAStar-low-seed6.vci,73443,3597441d2be540135844a0f742972ec3a25655742217107b9b5e9743f0e03eae
MistDynamicAStar,low,7,MistDynamicAStar-low-seed7.sca,908888,18cfd059d25e596b671ff73bd847df96372d3ccf6fe8e4ca55b5ccef2944689a
MistDynamicAStar,low,7,MistDynamicAStar-low-seed7.vec,3600128,43b730b557aa5d7e9058812e31170b30078afea6390fde770280368d1468690c
MistDynamicAStar,low,7,MistDynamicAStar-low-seed7.vci,74120,b1dc8e66699321faa5a1e172cbb9486779c6920707d039827d0903272024b1a8
MistDynamicAStar,low,8,MistDynamicAStar-low-seed8.sca,909063,55ed99b4bf0444127508a6129edffd99093f36f00d07914bcb8115e5f4b486e6
MistDynamicAStar,low,8,MistDynamicAStar-low-seed8.vec,3657376,8c06eee2fb4665b008b094e62736f2fe5989e2d37432d4fbb9ac0dcc9429128c
MistDynamicAStar,low,8,MistDynamicAStar-low-seed8.vci,74185,68a647bcc9feef4b2573b3dd0a655c08e4b0f9a2263ef980d7d758dccc595290
MistDynamicAStar,low,9,MistDynamicAStar-low-seed9.sca,908966,e2859fbe03ee13bb89f4da2faaa9203571d9370fa3b7bc96f71b74b0bba3e0d9
MistDynamicAStar,low,9,MistDynamicAStar-low-seed9.vec,3692702,7df1294af1b082e6527e15ceef31b765d8eb2813db11bda40fbe0b9f6553d0b0
MistDynamicAStar,low,9,MistDynamicAStar-low-seed9.vci,74279,43fd7a416cfa34980ecabedb31a9716bd33b406ad1e3e4ed789ab68f94a1c265
MistDynamicAStar,low,10,MistDynamicAStar-low-seed10.sca,909300,1feba4bf58fe796ef0e6c8b4ffae2f3b1109919f97e6a2575d701eb870d39149
MistDynamicAStar,low,10,MistDynamicAStar-low-seed10.vec,3790320,b3e3be2466b6987c683761f53e6217fe84aab4701d0da11bbc55a9cd09ac5a70
MistDynamicAStar,low,10,MistDynamicAStar-low-seed10.vci,74201,741d978b89aeb0a1e7828a018f8b48d97eea81fb6c6ee1e40b7bf0d6a1e50da6
MistDynamicAStar,low,11,MistDynamicAStar-low-seed11.sca,909406,0f0220bfdfa990574bbe4ec5119b87df44a391c0cfe4ed612d281549a031292a
MistDynamicAStar,low,11,MistDynamicAStar-low-seed11.vec,3551545,68667527c79d0ebab343f95296ebe145d69488dcade108c18a8e39d8ab4bd68d
MistDynamicAStar,low,11,MistDynamicAStar-low-seed11.vci,74032,b7174e9c4223077a0974fcb5fc601506a850bddefce18803896646ef8f7f50ed
MistDynamicAStar,low,12,MistDynamicAStar-low-seed12.sca,888456,fba6e4c9708a26ffd77b01227e0e73c90c0cbca81aeadaa10a905957b89effe0
MistDynamicAStar,low,12,MistDynamicAStar-low-seed12.vec,4500076,bbfd7614b14c8db1f97b8825758cf9ebca69737389974d6811e43ed9f44cbd6c
MistDynamicAStar,low,12,MistDynamicAStar-low-seed12.vci,72262,f8e15dca6f3ba16f96d83dff16d7e75c7e424f8c626792bc5b3e08650633629a
MistDynamicAStar,low,13,MistDynamicAStar-low-seed13.sca,909184,0599866cdb99f54c3208dcd343c20b1cf18ab85a2ffbac9da33c226d6b902670
MistDynamicAStar,low,13,MistDynamicAStar-low-seed13.vec,3499591,e562b92674754252064a83dc86a9ecc74ed93bc2e1d10387c11ddfb8a5c6649e
MistDynamicAStar,low,13,MistDynamicAStar-low-seed13.vci,74196,ffc167710b7bee4f166e44bacce848ad029030ff04bcd49f736ad26aff57437e
MistDynamicAStar,low,14,MistDynamicAStar-low-seed14.sca,909266,a176e2b05f8a97379aca95ade6901b33122c3a8fde4e67e207073488ea48e180
MistDynamicAStar,low,14,MistDynamicAStar-low-seed14.vec,3595989,992247b802ffe033994174e047573f94f68d5a1d24888a36f9ac36d784f0a93f
MistDynamicAStar,low,14,MistDynamicAStar-low-seed14.vci,74220,26eede299d95b1c114c2d99509b5d087a20cf594f0fb2b6829c3d2cc33df68c1
MistDynamicAStar,low,15,MistDynamicAStar-low-seed15.sca,909258,5677eb227af1bbf486f5842f4449756f900b300d58042a33e35fb06729dd1390
MistDynamicAStar,low,15,MistDynamicAStar-low-seed15.vec,3546556,7c0a1ebc3cb9cd0e144a04369dfe812d9100f0278d2fc0c2be72bed2d0067679
MistDynamicAStar,low,15,MistDynamicAStar-low-seed15.vci,74158,c19072f6de0b8a1d8311b72e91179b05c12e5f814d4c6988fb7eb0e3a4d90d4b
MistDynamicAStar,low,16,MistDynamicAStar-low-seed16.sca,909338,79953df33d681e1bd8ccae763656906f7ca23918cfd435fc9ba909f00f31a6da
MistDynamicAStar,low,16,MistDynamicAStar-low-seed16.vec,3570006,090e157670b345adb5879053bdb37ace2ec45aecaa272eb9185d6c62092aa1f9
MistDynamicAStar,low,16,MistDynamicAStar-low-seed16.vci,74235,2f78a9344ecd2302e5d042504513644558595c1ebe6fd59163f7e7c669cb1073
MistDynamicAStar,low,17,MistDynamicAStar-low-seed17.sca,909343,446b89aaf726dc25ff667e8668274253fa776d1f7963210beda573855d10c412
MistDynamicAStar,low,17,MistDynamicAStar-low-seed17.vec,3809409,5b14bbc23556da4d774aa1fd8a3ea1b50c568ab6f2f81d064391078bbc0c6cb3
MistDynamicAStar,low,17,MistDynamicAStar-low-seed17.vci,74136,0872f383f89963e762ed5a6e73bce82a30a89fd29d44b24413c983b6ca919d20
MistDynamicAStar,low,18,MistDynamicAStar-low-seed18.sca,898401,90ec6f90c76629324381a971488510dd815384e14cf2f9ad402b37a1d606c576
MistDynamicAStar,low,18,MistDynamicAStar-low-seed18.vec,4366120,e8aee0da24da9c5a990f8727d7797af745c4fd88cd8473673fcdf9921b3776e9
MistDynamicAStar,low,18,MistDynamicAStar-low-seed18.vci,73264,841836a78f68fe4d9262764c16292b23a2dc997ba37dfb7466293ac2bcb10cd7
MistDynamicAStar,low,19,MistDynamicAStar-low-seed19.sca,909348,6681eda44e3242d7826755b9bee59c3ab6e1e1937fabea27273d425af3398188
MistDynamicAStar,low,19,MistDynamicAStar-low-seed19.vec,3675278,cd0fb386f35373523f3ee8d72e2e9ca1bd0f7f83f0d58754d20b55b657f03184
MistDynamicAStar,low,19,MistDynamicAStar-low-seed19.vci,74209,5b6729c5e4df493ce032b75189f0e0b2963786a20440a4a625000bddebecca99
MistDynamicAStar,low,20,MistDynamicAStar-low-seed20.sca,909329,bd0ee901938bc0a63e18dc7a3453950ff634c1e2e2fad95c70c2c4dd9bdc08ed
MistDynamicAStar,low,20,MistDynamicAStar-low-seed20.vec,3629156,53c01e4c03d12ed358265889015f721830c8dfc149521b8289790b52322dbf98
MistDynamicAStar,low,20,MistDynamicAStar-low-seed20.vci,74174,768ea274c63f49f40d4efa31af69902a9712535874e8578da23ab6e69862af3e
MistDynamicAStar,low,21,MistDynamicAStar-low-seed21.sca,909237,45eb4ab0275b81ec1a5702f8d8174caf22124f27191c3ab9676773ddb864e7f4
MistDynamicAStar,low,21,MistDynamicAStar-low-seed21.vec,3506099,d14cc314f7e51e5c6b18c0b36eb19e034d15ebd17fad7910f55a7af9d3a1d6f2
MistDynamicAStar,low,21,MistDynamicAStar-low-seed21.vci,74178,b7d01901eb0ba7f16d21bccaf0bc7d15cb60da599d274fff1dbcb0a5f7584bad
MistDynamicAStar,low,22,MistDynamicAStar-low-seed22.sca,909279,ba3ca5c15e91c59eaf98085f8e3f1600e00d3a5a3e92c6272a2b713649ec7879
MistDynamicAStar,low,22,MistDynamicAStar-low-seed22.vec,3774099,af993860aa2a6df7ae13669ef895ca6f28fb349ea5ee7335dd1f2bf310305292
MistDynamicAStar,low,22,MistDynamicAStar-low-seed22.vci,74217,99c4e86b3e7f4b792414428df20fe0b99d62723150f2ad7c9eed895f2bc365d5
MistDynamicAStar,low,23,MistDynamicAStar-low-seed23.sca,908093,8a336463f8accdd252c30386945ed709ba4c17ad5542841dd17823f912343b88
MistDynamicAStar,low,23,MistDynamicAStar-low-seed23.vec,4180021,1b504817326a97c831c179e61d62793710f6cb85df1da4dfde2ca5a3e4236269
MistDynamicAStar,low,23,MistDynamicAStar-low-seed23.vci,74070,cd1eed947fa7ecd01349f944d1ec3023394840e274051b41c9594001f56b65eb
MistDynamicAStar,low,24,MistDynamicAStar-low-seed24.sca,909229,81387e5c55d09cc0b8f21b5a690c65b0f15671d92c89e1bb91b9f0b9d9d259b7
MistDynamicAStar,low,24,MistDynamicAStar-low-seed24.vec,3488403,6b54cd811c64e70cef786df4618b3f95c37d5caf1bfd28729098f59a2a4ac463
MistDynamicAStar,low,24,MistDynamicAStar-low-seed24.vci,74249,311d49c67696aef3b4d6517cf453ff160e1c46f8e6d57c26b15a2cd43602f70f
MistDynamicAStar,low,25,MistDynamicAStar-low-seed25.sca,888549,c48cd5ebd1644d4a0a2796bbc4b0b40b7357ed727655dde0c83f9dee67b82f3e
MistDynamicAStar,low,25,MistDynamicAStar-low-seed25.vec,4784871,55c83118ff7fddcdfbc9b19453b069ed59e751ee813b39d4b7be50119467d563
MistDynamicAStar,low,25,MistDynamicAStar-low-seed25.vci,72239,1a1cdd219303a0fb1c609a35df9888e49a09d020cd8f410e457b3d2ca0446350
MistDynamicAStar,low,26,MistDynamicAStar-low-seed26.sca,909219,79a05d611294e301c42b64979f4decc6ab0b7da9ff4d9a7f03c48593d71808e0
MistDynamicAStar,low,26,MistDynamicAStar-low-seed26.vec,3801231,48b5afb1bf75f856f735cd98a6cb159c22db7caa876c76507edc13b1cd776511
MistDynamicAStar,low,26,MistDynamicAStar-low-seed26.vci,74237,e1c3628edb3cdebc44312d6ba3799359a8f4fac73a500d0ecbe3f88aceb7cebb
MistDynamicAStar,low,27,MistDynamicAStar-low-seed27.sca,909444,5c3ddf4bdfbbc0328422e81355c4f3cbf2d29404f1488ec5c0c8415d3d14b3bf
MistDynamicAStar,low,27,MistDynamicAStar-low-seed27.vec,3877742,9c1bb54603357b4691b0867f0b2d818f5a67436546fa31a5d1560a84fdbfcd2d
MistDynamicAStar,low,27,MistDynamicAStar-low-seed27.vci,74056,062621a83dc55c1a955bf4c9d8f877421b0b2bfe3967ed68e478c9ee88089f7b
MistDynamicAStar,low,28,MistDynamicAStar-low-seed28.sca,888527,759bb0dc56bb23333b48723d0629b687f27ff9261f6b8ad968e6ca7e851b6f04
MistDynamicAStar,low,28,MistDynamicAStar-low-seed28.vec,4244854,de14a3116916dd3556b740f028da0f9a2f0d31f42a1dd63dbfec71f8d6a0a687
MistDynamicAStar,low,28,MistDynamicAStar-low-seed28.vci,72097,6ca5a85a4451944996ab9c8f5c88118ce60824c1530b432ad02739e5ef15668f
MistDynamicAStar,low,29,MistDynamicAStar-low-seed29.sca,909186,c83a935836374f2b7db54afbc9c287540cfec36edcc133e506c1e10e4cc511c0
MistDynamicAStar,low,29,MistDynamicAStar-low-seed29.vec,3466382,e353ce45b8478ab48131842a0bbbd60f4f7e5516055340aabd4c1c274c6f4eee
MistDynamicAStar,low,29,MistDynamicAStar-low-seed29.vci,73865,7bed145fc0a777821c05ae9d6ab319091f3a9b2903acbe9a3959553681d307f4
MistDynamicAStar,low,30,MistDynamicAStar-low-seed30.sca,909271,6ebe0235a45f72c4370b7b0bc821e00e291a42b1f54804007a8e1056d0385bd2
MistDynamicAStar,low,30,MistDynamicAStar-low-seed30.vec,3398109,208272b9cb6d02cfc6eeff40b2faa34d3a5332883f990e83a10dead149bfb9ee
MistDynamicAStar,low,30,MistDynamicAStar-low-seed30.vci,74193,948ac8e49f515ebb4a9d028df2e7a36d4d62f03f0853031b8b16fd7d653ad40d
MistDynamicAStar,medium,1,MistDynamicAStar-medium-seed1.sca,1621138,42850f9a773308c523a82bd4f7768e5721c4b5b91bcf894a9e094d3f0a883a71
MistDynamicAStar,medium,1,MistDynamicAStar-medium-seed1.vec,7193186,1b3797bf13837a8e4d794039eb31587ce77855343ff3b5104aa8e398cf463112
MistDynamicAStar,medium,1,MistDynamicAStar-medium-seed1.vci,138674,91336f1a658dd72635c740354298425753b2fc858bb9750e37299afa3bc4ddfa
MistDynamicAStar,medium,2,MistDynamicAStar-medium-seed2.sca,1621263,2c17f031c7ce2c9481b879630967ddd77f40acc8f4f7c80ec1230c4748dfa891
MistDynamicAStar,medium,2,MistDynamicAStar-medium-seed2.vec,7141840,a914b96613c572503d305c2bea591058631a92d90dbb5e7ecf5a0c41cc7b952a
MistDynamicAStar,medium,2,MistDynamicAStar-medium-seed2.vci,138577,c72f50292ce45af97468cf5db2fb75b4b4a34b851e70561b7ffc71b14c3c583d
MistDynamicAStar,medium,3,MistDynamicAStar-medium-seed3.sca,1621493,fbf85878014db3e25c340b6622229322624143bb67436d3911ddc7795362b66e
MistDynamicAStar,medium,3,MistDynamicAStar-medium-seed3.vec,7321937,094f72e5475d9afe36f8fb29cd17a3110aff0bf3896104c1fd3a7514985664eb
MistDynamicAStar,medium,3,MistDynamicAStar-medium-seed3.vci,138609,edc38279938e130a7761d8743452ef2452a1ad704af9623591be2bd5fa719579
MistDynamicAStar,medium,4,MistDynamicAStar-medium-seed4.sca,1621459,307f6dac092654895159ab4b7e886a7d9c64570f618f2b50d461e9acf3fd3f68
MistDynamicAStar,medium,4,MistDynamicAStar-medium-seed4.vec,7266595,cfab0dcc933b47065ba85134ab67c18da0b9a787f3a329a634b4bbbcfba64f3e
MistDynamicAStar,medium,4,MistDynamicAStar-medium-seed4.vci,138758,e84bf64a5c48e342049906cfed033816785dc0ed4ed525e7d63f39c99a80e3c3
MistDynamicAStar,medium,5,MistDynamicAStar-medium-seed5.sca,1621370,b4b2b9b6122cc3783d1f44e7952a7b9c4bb7c24bcfff6f12b5fa73b1b9771001
MistDynamicAStar,medium,5,MistDynamicAStar-medium-seed5.vec,7390422,c45204fe5fc2a84cff9a8f8f703d6b47dbd618973611c94c2816364df6f164b3
MistDynamicAStar,medium,5,MistDynamicAStar-medium-seed5.vci,138629,f480ff89804306d076c0294ff6d01e3d51ef608e4bb5ae21dc06a4f199cf999a
MistDynamicAStar,medium,6,MistDynamicAStar-medium-seed6.sca,1621232,1b8a4579150a65218eecdf1f3e5586d9e15d3e293d0a454921c7732730ed27b5
MistDynamicAStar,medium,6,MistDynamicAStar-medium-seed6.vec,7610553,bd30d4c21a71347d93e634903fed395d103e9a3908b5d663b13fc31157a2a57e
MistDynamicAStar,medium,6,MistDynamicAStar-medium-seed6.vci,138689,f8e03fc9bfc70d1d64fc550a8e0a48251a7637c43fa05f966c1f3953a13d5203
MistDynamicAStar,medium,7,MistDynamicAStar-medium-seed7.sca,1621285,ef45ecffca26714e8a4d19859af4cda5c0f0b0a990a79c03cb384adb83029777
MistDynamicAStar,medium,7,MistDynamicAStar-medium-seed7.vec,7490806,676e2e332305feae926abc0e8d9cf4cb258028bdf5a5a1b5285f094513231817
MistDynamicAStar,medium,7,MistDynamicAStar-medium-seed7.vci,138756,67a24b549a25665341c44b0212468efaaad67d60961a1ce73a92517589600468
MistDynamicAStar,medium,8,MistDynamicAStar-medium-seed8.sca,1621258,e30b046a0b6993b74384e586e3ca26b415f5e733c2fa96b324a9c4143f7a5622
MistDynamicAStar,medium,8,MistDynamicAStar-medium-seed8.vec,7015162,08bad21f28ece41b4a849f125a1e702536ac6f7a53856fd9a24bef4735b4515f
MistDynamicAStar,medium,8,MistDynamicAStar-medium-seed8.vci,138830,0f0a1ebb9b1335f6c481f7ec0ac908e6a9427cc29f1ce0477dfb57f09ae76b84
MistDynamicAStar,medium,9,MistDynamicAStar-medium-seed9.sca,1621483,2584ad82eda5bc347967813da4e059df0e990860413e94270a3f122705e2960c
MistDynamicAStar,medium,9,MistDynamicAStar-medium-seed9.vec,7568503,566750cc5415044ac67ee8198733be0e7e049d675397174bc5c6665245a1b000
MistDynamicAStar,medium,9,MistDynamicAStar-medium-seed9.vci,138726,0b24b8c77c3eed2aa85a10370a91fb58469bb2320f8ceb0f8914fb156018d7da
MistDynamicAStar,medium,10,MistDynamicAStar-medium-seed10.sca,1621987,71a5dcc8e7e30af0e1f050e9a2f09f80aa3e3b72978095660307159dd18a8196
MistDynamicAStar,medium,10,MistDynamicAStar-medium-seed10.vec,7412584,e8a7dd6b0c7a86f72cb45c3c3351a26e675a4597a19a99014a4dacd9ec179a9c
MistDynamicAStar,medium,10,MistDynamicAStar-medium-seed10.vci,138935,4f049017cf7eab994cffb77601d731d87ff5d18d3026995530a82c09bfb81657
MistDynamicAStar,medium,11,MistDynamicAStar-medium-seed11.sca,1621856,bf57c6ce07243eaf3624b62d48870baa631697d440849d02082e04881c465d35
MistDynamicAStar,medium,11,MistDynamicAStar-medium-seed11.vec,7359671,52ad662b02384f4a65d4d1fe1d8e04a1c3927d26d3c03c70de1bb22331b708ff
MistDynamicAStar,medium,11,MistDynamicAStar-medium-seed11.vci,138553,055350141de2ad664cc655cd10e905f4bc48e00f89da6769f732884e73c35f7d
MistDynamicAStar,medium,12,MistDynamicAStar-medium-seed12.sca,1621767,246531759129ec96b4042cae3936647be70e8ef969c03acd7e04a0314c93d223
MistDynamicAStar,medium,12,MistDynamicAStar-medium-seed12.vec,7332635,c09e62d24fd666cde70d17410672c4ccc52e840071ca40acc9d060be86142cd0
MistDynamicAStar,medium,12,MistDynamicAStar-medium-seed12.vci,138544,c5944df32e92df71146c8b12209f4183063844708521f69233f4669482425505
MistDynamicAStar,medium,13,MistDynamicAStar-medium-seed13.sca,1621751,dd6dcba147af387ceea4b69b13fa846b2049867f5c8b72ac0d1ea637d966b4f6
MistDynamicAStar,medium,13,MistDynamicAStar-medium-seed13.vec,7415838,e6ec8de85d4fa822919d37c57f488ef29acb28f77231a32200d40b28d5822455
MistDynamicAStar,medium,13,MistDynamicAStar-medium-seed13.vci,138627,5c4dddbb71c929ffdb2436841ced3e59cb48aa78e947f34d7dd457cf08d18d79
MistDynamicAStar,medium,14,MistDynamicAStar-medium-seed14.sca,1621931,58afbf5dbbda45c5c129fe1ade0c820e3b73543ca6cbcbca5d020f4432ba806b
MistDynamicAStar,medium,14,MistDynamicAStar-medium-seed14.vec,7198291,7f9995467a6892527f7cfabbbf5d905b5c67291a4ac28dddba3ba6f7d1b2db53
MistDynamicAStar,medium,14,MistDynamicAStar-medium-seed14.vci,138619,d825633a8a6f428cbb0e845cc2fc3773e821ad4b5ab519effca00c9ed03c0eff
MistDynamicAStar,medium,15,MistDynamicAStar-medium-seed15.sca,1621863,8bb61b6c3a3150c1da3022593c6a6193b3b040334abef74f988414cb11f5680b
MistDynamicAStar,medium,15,MistDynamicAStar-medium-seed15.vec,6872809,f7b53969f50a252b742ce1516c57a2786e5d9108cf5496a6ab090922d183cdf5
MistDynamicAStar,medium,15,MistDynamicAStar-medium-seed15.vci,138705,6342b0ba5d8248e5fff8a4b259231124e6be5e3e5378a4b0d54ed540891b426e
MistDynamicAStar,medium,16,MistDynamicAStar-medium-seed16.sca,1621992,3d3a7045fbc3202c48f60207e1e143da51a67098ac9fcd5a2a3c0a6479db51f1
MistDynamicAStar,medium,16,MistDynamicAStar-medium-seed16.vec,7309582,6670d713da487b8d6f4125a6bed9e58f59599cea1c22f834b9f85a6cbb79d742
MistDynamicAStar,medium,16,MistDynamicAStar-medium-seed16.vci,138805,7feb5d4f35333cd688afae805b5574ee3fb214d69d6a061a6777e37aced81201
MistDynamicAStar,medium,17,MistDynamicAStar-medium-seed17.sca,1621931,dbb7e2603182839b9128055a419f0789612e9653793f96efe223423a3e382bc0
MistDynamicAStar,medium,17,MistDynamicAStar-medium-seed17.vec,7436782,2972a3fd57d0caec44ccd8eb3c6110a70cca6256e83ecb75ecd582f11ff5aba4
MistDynamicAStar,medium,17,MistDynamicAStar-medium-seed17.vci,138596,50edda37e23a1d3151e30be22fad7dae7669f74579dee4d6ee740388b5de98fe
MistDynamicAStar,medium,18,MistDynamicAStar-medium-seed18.sca,1621930,057f89acf3aefdc4e73daf5fe3415cc701546aa686c3c20d2644f3ed72b79578
MistDynamicAStar,medium,18,MistDynamicAStar-medium-seed18.vec,7355089,66ed7a0112df1617b122721d9b9e831380d4f858083ef8030e3e8b92d5ea8c38
MistDynamicAStar,medium,18,MistDynamicAStar-medium-seed18.vci,138621,70728cf447081d093dbfa3a5f768ab2d33b66a726e6158e08d9ca78df1a42a20
MistDynamicAStar,medium,19,MistDynamicAStar-medium-seed19.sca,1622043,0966848f157118cf176bbc836330947a0b28865404d74b1bd4e2e45504fb489c
MistDynamicAStar,medium,19,MistDynamicAStar-medium-seed19.vec,7252876,f6bc966b93c980bd6e2defdfe588f5270af8b0f6a6553de597df2833a5da2661
MistDynamicAStar,medium,19,MistDynamicAStar-medium-seed19.vci,138641,ca92ca3eb91888abbba6d31d40a365289c9f71ee8961d5967f3518ee26af0d75
MistDynamicAStar,medium,20,MistDynamicAStar-medium-seed20.sca,1622051,b8291bf2be0b02fb0a0a07ff471a898d1227366c127aff1c325db569393163f2
MistDynamicAStar,medium,20,MistDynamicAStar-medium-seed20.vec,7351355,ff5ead457ee7563534ca77a5eb96b92583c07ff6c599ee699179b183de70e6cb
MistDynamicAStar,medium,20,MistDynamicAStar-medium-seed20.vci,138829,cc428c572dc0fc23b5e76a7177b622bfd081582c99ac366dcfafa30979bca1dd
MistDynamicAStar,medium,21,MistDynamicAStar-medium-seed21.sca,1621757,725553d39333fe7415e2d442ab5be5511329de073f4f37b956f3b76a8d7a3308
MistDynamicAStar,medium,21,MistDynamicAStar-medium-seed21.vec,6885286,054b6cd1fd01f079145a7c22350060c0ffdfd1e7f7b94c1a9274d08b09934fc1
MistDynamicAStar,medium,21,MistDynamicAStar-medium-seed21.vci,138637,3ad44adeebf526718721bae1fc199dfdcd76194d29c4a9322dbcb544531ef658
MistDynamicAStar,medium,22,MistDynamicAStar-medium-seed22.sca,1621790,2d2f95e7277237b8023b368a2c1cdae1f8d1c8eccee8ed7ec4dee0812a7d975f
MistDynamicAStar,medium,22,MistDynamicAStar-medium-seed22.vec,7623276,f6c8952d2465b28d041bd673ea804e014709822ec503d32defea2683775fdf99
MistDynamicAStar,medium,22,MistDynamicAStar-medium-seed22.vci,138523,ea94cf1861a8b7aa3a00de4aea495dce01f0802a6e380a6b580079fe86745c0d
MistDynamicAStar,medium,23,MistDynamicAStar-medium-seed23.sca,1622016,a66965f688655af627fbe14e6cf28916ce8ae6511dac9b813e0ae46f4260b462
MistDynamicAStar,medium,23,MistDynamicAStar-medium-seed23.vec,7009388,90160c65f5c2588cd1a5822dbbb6af4699a3e5b6b1afa21a00ee8e90ed1b975f
MistDynamicAStar,medium,23,MistDynamicAStar-medium-seed23.vci,138594,960c3d0fbdf6c3d5e865ddce5102421937a658be95d79d28f5417cacc801a774
MistDynamicAStar,medium,24,MistDynamicAStar-medium-seed24.sca,1621807,aba5a3d87a97753d909d34a7495f00a6d7eeec34e8aa8b095aaab7c023d8a398
MistDynamicAStar,medium,24,MistDynamicAStar-medium-seed24.vec,7527973,cb484ca813299d7d21e265407b5999fc5a4e3a9b71bc0d1202693c039ca29722
MistDynamicAStar,medium,24,MistDynamicAStar-medium-seed24.vci,138658,fcd612a991f48aeaea416ce7ae77b7c6e59f799ca917f771a7b261d761522727
MistDynamicAStar,medium,25,MistDynamicAStar-medium-seed25.sca,1600824,dab190777653320391357ff3b7b752ce7737e5d03cd4d7bc50a195c13ceb89d4
MistDynamicAStar,medium,25,MistDynamicAStar-medium-seed25.vec,9280194,184110ba6520ae30bb784f970b394c98893aacf983acf102a72b5d51efbe22f0
MistDynamicAStar,medium,25,MistDynamicAStar-medium-seed25.vci,136764,72c57a433d5cc6fbaab6efe32a192b5d8089fab360830c986ef52b70a8e7ccdd
MistDynamicAStar,medium,26,MistDynamicAStar-medium-seed26.sca,1621801,49db598c4fe03a08f5c8c2a6c9feba1942b4d1b4ba6fb573e0e7f7685432f40f
MistDynamicAStar,medium,26,MistDynamicAStar-medium-seed26.vec,7370668,478dbdf15e214aaa08d630b4523568ef7d0b22e1f50a4255fa3700d7f40b5ff6
MistDynamicAStar,medium,26,MistDynamicAStar-medium-seed26.vci,138724,da9e96454525827386aba159f6758e5c7ec329d4c8457c9252612197865cb798
MistDynamicAStar,medium,27,MistDynamicAStar-medium-seed27.sca,1621928,80a662c2da5f1cfa75267130c3c9c2117fb5b5028533e304bfd4972c88208850
MistDynamicAStar,medium,27,MistDynamicAStar-medium-seed27.vec,7582197,6d6889757f3195b8a4f7d81c9527ed33febbef24995f2bafca516d481c843f6d
MistDynamicAStar,medium,27,MistDynamicAStar-medium-seed27.vci,138575,ef4cf1358b05e49ee05b21c288352b6bd6c2769349af69a85303fc83189ef392
MistDynamicAStar,medium,28,MistDynamicAStar-medium-seed28.sca,1621802,406dc4f8e9f3a3328a4cece8354bfcd27a13df30c91914b6f5c4b3ffc6b3df41
MistDynamicAStar,medium,28,MistDynamicAStar-medium-seed28.vec,7446172,1e37927c12a4991918f397380553e4e2e677a9ee9ccc5f77f969040d68e093e7
MistDynamicAStar,medium,28,MistDynamicAStar-medium-seed28.vci,138661,508e17cc2de91fbfeae8c4f3258a9e5643ad028198f64fc34d37e22679c13f09
MistDynamicAStar,medium,29,MistDynamicAStar-medium-seed29.sca,1621802,d3c7a3896a37ed4aded725a6bbd3294455e3032bda48e8705084c7c87b7c7483
MistDynamicAStar,medium,29,MistDynamicAStar-medium-seed29.vec,7088694,e009785070c3a174f59e3910e60010add6f83fb8f2078804c7b822bbe78011cd
MistDynamicAStar,medium,29,MistDynamicAStar-medium-seed29.vci,138606,0831e1db64e48ca95d95b09709878e7530d057496072361a1f1118c2a635f1c4
MistDynamicAStar,medium,30,MistDynamicAStar-medium-seed30.sca,1621840,79b81e0132df9e081617e27fc731cb03fac1e6d96420b13fb6c707f99478a0e0
MistDynamicAStar,medium,30,MistDynamicAStar-medium-seed30.vec,6813463,3f811339d31e6693a40b5879d643f60b49732f1b6ffac91b333ceb33d2c1fc01
MistDynamicAStar,medium,30,MistDynamicAStar-medium-seed30.vci,138853,82dbe702be4dc52e1cb89b1a96f81b18177a704106e18487145eabe5c475e63a
MistDynamicAStar,high,1,MistDynamicAStar-high-seed1.sca,2175218,32484f036a3f3411a2f73ede8d5aa21626de61cbfeddec3def2d66c7a5262719
MistDynamicAStar,high,1,MistDynamicAStar-high-seed1.vec,10695425,b3133d112361c5e604034c19d225f23f41f5a10446a676de3ec5b1af32da395b
MistDynamicAStar,high,1,MistDynamicAStar-high-seed1.vci,190193,19fe96a0bcffc98ba0f129fe9175d8e33f675dee34f51fb2573821eb2c0b3597
MistDynamicAStar,high,2,MistDynamicAStar-high-seed2.sca,2175274,267b137b4f023f486f8d17590b1c1e86fda134d49a4e3aa6435d0bf8d581327f
MistDynamicAStar,high,2,MistDynamicAStar-high-seed2.vec,10573621,52746cba4021213d57a172a73ac751a638e4d7888f7053bc4a6556f59e89502c
MistDynamicAStar,high,2,MistDynamicAStar-high-seed2.vci,189650,02c09beeb2b6eb74cef77b7badeb49fe11141c3a53effcee2bae667f9fadc613
MistDynamicAStar,high,3,MistDynamicAStar-high-seed3.sca,2175216,1f60a9792f26ee37e5988a5f83a85e5f6df5a9c16e28d977edae2ce110d30f95
MistDynamicAStar,high,3,MistDynamicAStar-high-seed3.vec,10799674,3848ef95c17055ac715b068d16c4d80e58aafbc554d073a124a507463826a252
MistDynamicAStar,high,3,MistDynamicAStar-high-seed3.vci,189991,89d0d484dac9ff0b42228c6672466ea3e0d7c018cde8aeb68af6e45a8cad4ede
MistDynamicAStar,high,4,MistDynamicAStar-high-seed4.sca,2175357,e7d413268a173991d0dd2607e756f91814c24df5810beecd931b2e14b89c41fb
MistDynamicAStar,high,4,MistDynamicAStar-high-seed4.vec,10965718,7c4cad01296f8ccdaa8062f535baeb0fd8ec79ff5aea672ecf411d5646f573c5
MistDynamicAStar,high,4,MistDynamicAStar-high-seed4.vci,190063,265b0957b992eee8606a5bf1592a07d661358dd3ffeeb3340d0c966b301ae9b1
MistDynamicAStar,high,5,MistDynamicAStar-high-seed5.sca,2175469,00847668301d6f972a08b1ff67bf0a9aa0a520d7ba57116119a93ed08301b1e6
MistDynamicAStar,high,5,MistDynamicAStar-high-seed5.vec,11021954,6dc9b94e61d262cf1aa583b316520c02cb8c3b38b06d01b79cb9d34cf47b601a
MistDynamicAStar,high,5,MistDynamicAStar-high-seed5.vci,190350,7039162efadd5a5c9e3ebbf7ed5aeb4f5f685a61e29aa72f039517d00beb23d9
MistDynamicAStar,high,6,MistDynamicAStar-high-seed6.sca,2175096,ab30006bf45b44dad2c527a79d6765a42708dfb6702531cda6315f128302d0be
MistDynamicAStar,high,6,MistDynamicAStar-high-seed6.vec,10851027,0ff631bba0545801d5a009daae3eb2cd17f8b845a217162f916673be09b0baf9
MistDynamicAStar,high,6,MistDynamicAStar-high-seed6.vci,190118,e14dc737f89aeb726eaa11f11680e329e3b4ae0da5d6a195a42d19c1a31b5097
MistDynamicAStar,high,7,MistDynamicAStar-high-seed7.sca,2175165,359f20e98de04c806fb215f0da2d016e0b0ebe0094da1999aff7a79aaddfc1ce
MistDynamicAStar,high,7,MistDynamicAStar-high-seed7.vec,10505542,df76fa48a5b15cacb0940b388a25f9826f2a69bef206f3549be0d0448af7aa76
MistDynamicAStar,high,7,MistDynamicAStar-high-seed7.vci,190023,99aa720d124102efb8efd89eb6b19df0270c8f0a9df41e3494efc0176084ebf1
MistDynamicAStar,high,8,MistDynamicAStar-high-seed8.sca,2175569,90feb3548f38f7c47af29a5c6941169e830e9cab80502f4d0713b2ca70801a14
MistDynamicAStar,high,8,MistDynamicAStar-high-seed8.vec,10393198,ccd78742ef06a38693a381f4b377888fee8eabf80128c996a90a90d83f5de098
MistDynamicAStar,high,8,MistDynamicAStar-high-seed8.vci,189825,3d05bbfc9708b349d2d1f7929f3e87d6db2b48683ceab41ec8cc02def18e7410
MistDynamicAStar,high,9,MistDynamicAStar-high-seed9.sca,2175272,4307442d716a221b1c0063349d97df00690e39f7ca45c8d195d6c012ff08ca93
MistDynamicAStar,high,9,MistDynamicAStar-high-seed9.vec,11283869,e8593d93fded693e0ae973c22497a3205cc3d21639f1c30e5b70766952106960
MistDynamicAStar,high,9,MistDynamicAStar-high-seed9.vci,190211,9e623ea78116500fc758db18a4e5c63bde01ef2269bd314bd3421495ae26a7ac
MistDynamicAStar,high,10,MistDynamicAStar-high-seed10.sca,2175904,3874e3963ee9923aba4ef913abae95cccddef9fb2967633cd7c6f7b01e25e70a
MistDynamicAStar,high,10,MistDynamicAStar-high-seed10.vec,10834877,a3b32308c60e38d4c7c9d6d50f028db51d00775e71076b8498afd90a39bbc14b
MistDynamicAStar,high,10,MistDynamicAStar-high-seed10.vci,190111,6d85fa1433f013506334ae08d1f4165897293e8ead4b4f35242edab738ebc95e
MistDynamicAStar,high,11,MistDynamicAStar-high-seed11.sca,2176363,5d99a56bb0bf3d435118ba15f62653b2e21603225e0b2ce3f8204420a49ea245
MistDynamicAStar,high,11,MistDynamicAStar-high-seed11.vec,10773817,8e81866ea66eb88d4c24ff83cb753eb516e5a35ab33ca9e78026e8a17ae751d1
MistDynamicAStar,high,11,MistDynamicAStar-high-seed11.vci,190017,713adddcf5936361e57cc4e250d9473877548ab0a3387de2c9955b362ba57b87
MistDynamicAStar,high,12,MistDynamicAStar-high-seed12.sca,2176035,647d5b3c8c199026546b69e6b54627703db03ed170105b3b9b1d6d05d5cf542e
MistDynamicAStar,high,12,MistDynamicAStar-high-seed12.vec,11035150,3456b5543532a8dae8d2e30b4efe1ea56c57e5932e5b76463fd6e43024dc6f2f
MistDynamicAStar,high,12,MistDynamicAStar-high-seed12.vci,190094,f35625373536201a461349edc26bce788e1730c9576aaa31b51ed87985a86e34
MistDynamicAStar,high,13,MistDynamicAStar-high-seed13.sca,2176071,2b64023ae962cb4eda145cd0623d5aa3bad35b4ba42f0bf3856a092793c86ebd
MistDynamicAStar,high,13,MistDynamicAStar-high-seed13.vec,10511959,a751919f0d9ae2a0a7b4f92de09039adb247d0ff1811e112e802826d6e64339d
MistDynamicAStar,high,13,MistDynamicAStar-high-seed13.vci,189921,c83f8ea203269eec666746d592e9eddec4535f4e47e6528c688a2caa569027b2
MistDynamicAStar,high,14,MistDynamicAStar-high-seed14.sca,2176269,a5f50cc8bdae28bde553ae3ac4896ef13c62e3a92f6d7d5afa0026c45bdff827
MistDynamicAStar,high,14,MistDynamicAStar-high-seed14.vec,10815653,d90190d7b466a821c4e65026eebbcee05ad617ba6ff1289a372f4f6b8820c2a3
MistDynamicAStar,high,14,MistDynamicAStar-high-seed14.vci,189644,4bcdf708f4f5b33ee039cca3f71f95541c33df5f28689b11c0096c5fb16a5f61
MistDynamicAStar,high,15,MistDynamicAStar-high-seed15.sca,2176014,e7729b4a012428f4a1027cebda3ab733f6e02f0b5b220ca630aa2d0a16caa8a7
MistDynamicAStar,high,15,MistDynamicAStar-high-seed15.vec,10466767,6fd8bad4ab9fc3a2718a991a58546e2d84bd954e1713b5ed2e8d3ff9134592a1
MistDynamicAStar,high,15,MistDynamicAStar-high-seed15.vci,189878,731934c3090aa72281f4e0dcb28f5f17d48721914196cb9ecea882962ba555e6
MistDynamicAStar,high,16,MistDynamicAStar-high-seed16.sca,2176127,91dbf46996bf16f86f6721214f3baf09348fe3999a1a9a7330fec3cdcbe27883
MistDynamicAStar,high,16,MistDynamicAStar-high-seed16.vec,10137798,85c524eb38b002563f6c38fb2757b34c712723b6688db3b257ddf8fdfdb51f83
MistDynamicAStar,high,16,MistDynamicAStar-high-seed16.vci,189996,4796b1caf5e685e2e31df6bf2cb9280a6fedc12b5684312833c9798ea3a7d98c
MistDynamicAStar,high,17,MistDynamicAStar-high-seed17.sca,2176114,3fe62de3f1a2c9f97a8e2a955f16790601b0c48274e9ffb5d739115953d262c8
MistDynamicAStar,high,17,MistDynamicAStar-high-seed17.vec,10942701,bb7e03a5102efb52d7489dca26d423c252b9b524b493b386459387ea279a9eee
MistDynamicAStar,high,17,MistDynamicAStar-high-seed17.vci,189998,5b604a48ee877e44157e00da89c59b29a86e693ad8b53598027b32d6f47da8b0
MistDynamicAStar,high,18,MistDynamicAStar-high-seed18.sca,2175954,34b8ed2f9d51ed499a57ac8728fcc2aeff022838d77276e66006626870597861
MistDynamicAStar,high,18,MistDynamicAStar-high-seed18.vec,10357182,66d5f993bfe84be87cf62afadca62e881cbaa896bbb114db48bf9711f5d36603
MistDynamicAStar,high,18,MistDynamicAStar-high-seed18.vci,189761,f4c3848e8dec6d3aca16ddafbe08b86d3f968d3098cc57e0e8f75a6a149f3571
MistDynamicAStar,high,19,MistDynamicAStar-high-seed19.sca,2176168,6d70bda690211e737be124a78ecdab732d27e17229cddd5b0c5953fb89167fb6
MistDynamicAStar,high,19,MistDynamicAStar-high-seed19.vec,10443063,889494cafb9627db8c40524f72c32b8fc8d85d15d1c34e2e8883b57b2b6db571
MistDynamicAStar,high,19,MistDynamicAStar-high-seed19.vci,190167,508ec4952df38e5ba1e65c3c0b62738fdf6a75f0a12f821c30703a6fdb8193d6
MistDynamicAStar,high,20,MistDynamicAStar-high-seed20.sca,2176247,bcd8ff8e24d79b69eb1d5b5c5c5ffe4681977f5b357745774888d698263a520d
MistDynamicAStar,high,20,MistDynamicAStar-high-seed20.vec,10556288,edd731a1b51366bee364451df77378eb24f5705b6fb1c5c7f19fbc581df435dd
MistDynamicAStar,high,20,MistDynamicAStar-high-seed20.vci,190018,682c60baef1ebf966ccf507fcaf154efba5a88c22a216c25c8c17ad7acb83af5
MistDynamicAStar,high,21,MistDynamicAStar-high-seed21.sca,2176078,aff640034de03121a9d5a16ac27aa83b2033fea7429847f2071eac9374b7ff62
MistDynamicAStar,high,21,MistDynamicAStar-high-seed21.vec,10344130,5da1b56f0f95c720949ffbdd1fd21681ed0c265c8d3c6f8b92774a410a0ce274
MistDynamicAStar,high,21,MistDynamicAStar-high-seed21.vci,189817,88c3aac7958a95d49085f174aa1f46b8017c663b5052256d20317398789382cd
MistDynamicAStar,high,22,MistDynamicAStar-high-seed22.sca,2176244,0405ddad4a75a373498a84df42037bc6e1a89bf9dc3621f9a2f9016eefd831d0
MistDynamicAStar,high,22,MistDynamicAStar-high-seed22.vec,10829370,d626d910663a4db77ba725b2af59e98c4d0776b404bb565662aed324830e6ef4
MistDynamicAStar,high,22,MistDynamicAStar-high-seed22.vci,189977,fbe5c277a90fd7120805009b826f7cc72c8242af658797af9eee1474109535d9
MistDynamicAStar,high,23,MistDynamicAStar-high-seed23.sca,2176271,e7993c78636a2e5e43026c7ca824cab4dbad2b2463694c71ae8508b9b80f916a
MistDynamicAStar,high,23,MistDynamicAStar-high-seed23.vec,10391639,9b32ce03bb37d3f5beae20504da6a733cd20486bbe226fa70e6cef2adcbe2021
MistDynamicAStar,high,23,MistDynamicAStar-high-seed23.vci,189724,98ff4c190e776b9be8bc31e560d3550f2b92f1191e6bad4ee2792fa82b4b140b
MistDynamicAStar,high,24,MistDynamicAStar-high-seed24.sca,2176190,87ae76d1c6373c96d1fe96a9cc3471274f0de2d2be7ae16544b24975c93562c0
MistDynamicAStar,high,24,MistDynamicAStar-high-seed24.vec,11091449,4f0cc4240531c8b32ac62ca38b74251cfb3ff911e8661b3011df3c94c6e3baef
MistDynamicAStar,high,24,MistDynamicAStar-high-seed24.vci,189810,7ec04aa4e0fe34436b0e4fade054401059198c3f768945b9c37e171df5b377e8
MistDynamicAStar,high,25,MistDynamicAStar-high-seed25.sca,2176254,1e8bca078a306b75f6adfd251e5684d0237f04c7689f651d267fb52e794adb90
MistDynamicAStar,high,25,MistDynamicAStar-high-seed25.vec,10811213,f8d3bb6bb7fb146184aea2f3dd744267895c65c725e7c24171749b7763215055
MistDynamicAStar,high,25,MistDynamicAStar-high-seed25.vci,189997,b7048c8848f4e56b680c47d46cdf3efdcf475f1860d2cf76892f77ee56cb861c
MistDynamicAStar,high,26,MistDynamicAStar-high-seed26.sca,2176120,9313a9c2331b10462da78fa39ea6253cdce884bca5c506e503e64440afcb06b6
MistDynamicAStar,high,26,MistDynamicAStar-high-seed26.vec,10633135,5488fca5b9e03587c44c65cbeeca8566f4f6a06fe0a4a9f266cff561ca927e47
MistDynamicAStar,high,26,MistDynamicAStar-high-seed26.vci,190157,a8c7d98a82b1a668886789775365a0a4e2fb4e94100d92274e89647decc5915a
MistDynamicAStar,high,27,MistDynamicAStar-high-seed27.sca,2176263,7e3336ab61e9994b7e98a05015120d6aa81cc45c972bd76208063790bba5b572
MistDynamicAStar,high,27,MistDynamicAStar-high-seed27.vec,10936693,ee658c26e4e6ecd7dd9196f942c4c6c1839ec3f1399e18f3bb5995b4a64083c6
MistDynamicAStar,high,27,MistDynamicAStar-high-seed27.vci,190208,27c0d4406869ceff0b703a5465e7149d953c3b1d427dbe729fe85a80251443e8
MistDynamicAStar,high,28,MistDynamicAStar-high-seed28.sca,2176006,4afa01e9c96e50076230260170aa4b9d6dc02ec4cc00175e3e9fa2059c317c62
MistDynamicAStar,high,28,MistDynamicAStar-high-seed28.vec,10904439,a09d237cb1099c40d06832edf23a695aed1bb49885bef655a2e83f5077193eb6
MistDynamicAStar,high,28,MistDynamicAStar-high-seed28.vci,189862,dd44998f8b3dcfbf2c84b718234088b671b02ddc674508a109ada9898cf04da2
MistDynamicAStar,high,29,MistDynamicAStar-high-seed29.sca,2176039,d5b4bb3aad1b54f579eedc99611a99c5a94367525c618f92680bc9ea122bfeb1
MistDynamicAStar,high,29,MistDynamicAStar-high-seed29.vec,10164845,be80bb3512340cd0326ec11f823b615c6ead222dad632413f2786f1902080c0d
MistDynamicAStar,high,29,MistDynamicAStar-high-seed29.vci,190111,332d68a4f22b7f59af2e7203c8957c4093161901e1db15bf58d0dba56f13ec47
MistDynamicAStar,high,30,MistDynamicAStar-high-seed30.sca,2176111,9bf8c280c8afac4c866a486ae85a7b27b732547c0aa35b7c019b0ab285408876
MistDynamicAStar,high,30,MistDynamicAStar-high-seed30.vec,10210821,3f3a3e74f9a5d75ec64c879840867f37aee7894cecff1c545e5b0e60d5a02147
MistDynamicAStar,high,30,MistDynamicAStar-high-seed30.vci,189885,a7f71aefa23b0e400565f112985d8b76c4c209b0fbac11bc2223629afc1c546b
MistDynamicFogFallback,low,1,MistDynamicFogFallback-low-seed1.sca,911180,6ba97684de56312b1a441f5f447fe7ee66550422e9fb16e49b5a6fbba1e0ecf9
MistDynamicFogFallback,low,1,MistDynamicFogFallback-low-seed1.vec,3542312,80c5df86abc62346e4ee1ddc2ec023b2330659ced58f244cfd43945f966de230
MistDynamicFogFallback,low,1,MistDynamicFogFallback-low-seed1.vci,74265,190f1cc2bfaa2eedf98c3a55675437f5c3fef505b9433b0be9708d20fb0fcf8f
MistDynamicFogFallback,low,2,MistDynamicFogFallback-low-seed2.sca,911150,1f5e064d6e5dd7902aab4dcb732b935369a0bd39f51d9c6829c1ec00f90d61e8
MistDynamicFogFallback,low,2,MistDynamicFogFallback-low-seed2.vec,3548979,e970c1081ffa9d0de51172c2e7c80ed16ab62b893f928ccc44b9ad2659619d35
MistDynamicFogFallback,low,2,MistDynamicFogFallback-low-seed2.vci,74154,c5b3c8f08bd9d47eb7d0dfd52fca9910124addb8c41e929a5cc8b237ef0673c7
MistDynamicFogFallback,low,3,MistDynamicFogFallback-low-seed3.sca,911220,4f6b97402702f57aec94c9caa190dd16659099a4e28befedd924a70a3bf6ab1a
MistDynamicFogFallback,low,3,MistDynamicFogFallback-low-seed3.vec,3882723,e9883e1d7490dad3dfca63c734d5006f3f346967d4874ce085bd31409a4ae907
MistDynamicFogFallback,low,3,MistDynamicFogFallback-low-seed3.vci,74267,9e1e49812b52e22ededfa0d8b8f670cf8f36e4b68dd514196cc10710108be690
MistDynamicFogFallback,low,4,MistDynamicFogFallback-low-seed4.sca,911620,12066702b010b5ad1642cf6e189947aab452ce688c51a0374922de93b1f2e0c9
MistDynamicFogFallback,low,4,MistDynamicFogFallback-low-seed4.vec,3698453,e7937ca02b89fb88bf01d6f920fdcda769f68783538c1451b7637f2afce1558c
MistDynamicFogFallback,low,4,MistDynamicFogFallback-low-seed4.vci,74115,52cd9225e719f94617441847016ecb9fbbf100a35a7ef9948de21ca30af4c5a0
MistDynamicFogFallback,low,5,MistDynamicFogFallback-low-seed5.sca,911566,f578b3ccb49429f10775e36247d25bbb03356ec0a0d1dd88846fb2c13af7168f
MistDynamicFogFallback,low,5,MistDynamicFogFallback-low-seed5.vec,3623871,d34d1b51de284a28d3e2621baba50c1dfc71321127bc8a5f76cb089871298222
MistDynamicFogFallback,low,5,MistDynamicFogFallback-low-seed5.vci,74180,6d096a748866437e0846b4115de1e39ba1d41f38fa4b636fb2de271fd79de9b2
MistDynamicFogFallback,low,6,MistDynamicFogFallback-low-seed6.sca,900241,1c9e52fdf0a12a10d74e6b66bb8088a0adced0228998a04c12dfa64eb9db750a
MistDynamicFogFallback,low,6,MistDynamicFogFallback-low-seed6.vec,4717787,6ed3fd8b51eff098dbba84435728d60f4f5940e61c1c9f3eee14a6d6be329e82
MistDynamicFogFallback,low,6,MistDynamicFogFallback-low-seed6.vci,73504,6364020d1f4b25ecaa2948982bf64626ad4a264a320d5c31419fdcfa0553fcb4
MistDynamicFogFallback,low,7,MistDynamicFogFallback-low-seed7.sca,911206,2291691ffe1efed932009556538f008cb66283477485029c91cf89d9b65c27ba
MistDynamicFogFallback,low,7,MistDynamicFogFallback-low-seed7.vec,3600189,27a4b7853ad045b9589b32dab3cacead029096a22ef2601b4bda4a646efbd821
MistDynamicFogFallback,low,7,MistDynamicFogFallback-low-seed7.vci,74181,a2ee0f36187c06dd4f49a8da35fb022c73fd362146d24ccc07d30db99684845e
MistDynamicFogFallback,low,8,MistDynamicFogFallback-low-seed8.sca,911381,2b55fc5c51cf1dc48bc721460efdd17ae6b7428d7347734b47b344e8b401cb18
MistDynamicFogFallback,low,8,MistDynamicFogFallback-low-seed8.vec,3657437,e13a9933c9c267d647c33f1b65917234ddaeb25410037b3a9b445a8e374cd44a
MistDynamicFogFallback,low,8,MistDynamicFogFallback-low-seed8.vci,74246,1953e8650db5148ae0af14f8f7f87d78d1146e10ba2b2593f4a08a2da1fd4cbc
MistDynamicFogFallback,low,9,MistDynamicFogFallback-low-seed9.sca,911686,505b1559001d8c527c1456d01d31359925062eb1236fa9416fb9fae0d5898896
MistDynamicFogFallback,low,9,MistDynamicFogFallback-low-seed9.vec,3725955,b9749eedf829fabd7c9d971722d6bf194b2fcb9692c09af0018c0fbb64d18ee1
MistDynamicFogFallback,low,9,MistDynamicFogFallback-low-seed9.vci,74315,02ec926c0d9fe399a7009e183470e96b61406ceccb7378a53a11a426c4028ec0
MistDynamicFogFallback,low,10,MistDynamicFogFallback-low-seed10.sca,912013,036b7642a06c59c9d459ce28600110aaf2ab813d571ed6b3c432bbd386712772
MistDynamicFogFallback,low,10,MistDynamicFogFallback-low-seed10.vec,3788109,cd9122449e7e68b94a7a95c2102308ef2a74ef613fdadab82d0facbae16bf227
MistDynamicFogFallback,low,10,MistDynamicFogFallback-low-seed10.vci,74241,d99531cb764f3f180581079265a3806dd89189d620e904a904b9c0cf76fce593
MistDynamicFogFallback,low,11,MistDynamicFogFallback-low-seed11.sca,911724,ea1259188cfb149686246404862ef51aabc8377f54af59fda55a6e1d7f9543f9
MistDynamicFogFallback,low,11,MistDynamicFogFallback-low-seed11.vec,3551606,f9c9bcd07479f957e210a4785afcbac64ef7362b89454f7ace3bc52061d41bd0
MistDynamicFogFallback,low,11,MistDynamicFogFallback-low-seed11.vci,74093,0d96db622ce1e9054819677eec83753811cec22601d08c6f555df63b65f6dbf7
MistDynamicFogFallback,low,12,MistDynamicFogFallback-low-seed12.sca,890726,daf1a7c6bd4563b990d0c9f4774ad2fad6e987f825b332d42fc6e9471e5926a6
MistDynamicFogFallback,low,12,MistDynamicFogFallback-low-seed12.vec,4500137,fe5cd8c5d0f106087037c4387e7e81e1ded7571ccca72ff3f0a17a662a38a855
MistDynamicFogFallback,low,12,MistDynamicFogFallback-low-seed12.vci,72323,12ad41cfc02a239d0579338a92b04e343b22fd7dcd45a4b14d8f223add744b18
MistDynamicFogFallback,low,13,MistDynamicFogFallback-low-seed13.sca,911927,a7ec795c06f29592b0260a844bf5607c63233537fedbbb506abdd9e9b4af91e4
MistDynamicFogFallback,low,13,MistDynamicFogFallback-low-seed13.vec,3498469,740eea9d0b951849b7b7a935c3979046a64e6254a9f01f30200ac24b2c931a10
MistDynamicFogFallback,low,13,MistDynamicFogFallback-low-seed13.vci,74129,3a04418a8b31cd53e654952154940ab7c96a262ed61c5a0673a3912c870cfeba
MistDynamicFogFallback,low,14,MistDynamicFogFallback-low-seed14.sca,911584,3411044d8b220b20a61fa5b46eba1c7d372cd867f53ecea691de378fe6b157ce
MistDynamicFogFallback,low,14,MistDynamicFogFallback-low-seed14.vec,3596050,758adb98c7590d2a6bf4b8ecbcee6c395dd1b804720e2adf0240b02fd89c7e06
MistDynamicFogFallback,low,14,MistDynamicFogFallback-low-seed14.vci,74281,19d5e59f40300136b1fd1c01359ac45c99d957f05a3e9fada7cd431135dd41b5
MistDynamicFogFallback,low,15,MistDynamicFogFallback-low-seed15.sca,911576,4a048d5e2baf523ca080cd37070139788d078e022408e5b3351b3232a741ed06
MistDynamicFogFallback,low,15,MistDynamicFogFallback-low-seed15.vec,3546617,c73ceb22c305e00d72f017b9e01e260ae79117e4f512c341628abf262a3888a8
MistDynamicFogFallback,low,15,MistDynamicFogFallback-low-seed15.vci,74219,fc8af24fbcb99224452db6e3ec875f4b9748a36dc57f5e1416d91d3df9bcf631
MistDynamicFogFallback,low,16,MistDynamicFogFallback-low-seed16.sca,911656,c1effacb13e4772558c5fd7de7328157642fd652a46045f0091785fdb901fa8e
MistDynamicFogFallback,low,16,MistDynamicFogFallback-low-seed16.vec,3570067,847a722e5c973f4cc6da3f351c69cb2c18bd08265ede4b8d4bc7a3886e06943d
MistDynamicFogFallback,low,16,MistDynamicFogFallback-low-seed16.vci,74296,e3d9ef7268f475eaff7c1d3f6f6e6b9a376a2b7087c19069ff589807035068ac
MistDynamicFogFallback,low,17,MistDynamicFogFallback-low-seed17.sca,911887,aee5c60c6b229bc71612001bef856e56e88bc7343922ca1ab5d3244d68f0c665
MistDynamicFogFallback,low,17,MistDynamicFogFallback-low-seed17.vec,3812557,dc61eddc455c811dbc1943c6fb6c94595f192e3722f672ea33d8c5ba07b02ef1
MistDynamicFogFallback,low,17,MistDynamicFogFallback-low-seed17.vci,74231,208d58a56f11e4103fa7e9ef3afbd7897b4efe36e9047ba8845e41935e84c124
MistDynamicFogFallback,low,18,MistDynamicFogFallback-low-seed18.sca,900695,545b75cffb8999e56d5894e9f91cdac3eb8b4944812b45036a6908fb0bb35fdb
MistDynamicFogFallback,low,18,MistDynamicFogFallback-low-seed18.vec,4366181,3e1b5de2b80502aa45dcca7d297c59ffbe7731b4482d700bd1923f133ce21e6b
MistDynamicFogFallback,low,18,MistDynamicFogFallback-low-seed18.vci,73325,ee82a28f0b0e2073fd7f7d1fe8bb4e04c71321e74f5e103e933a226d128c2a64
MistDynamicFogFallback,low,19,MistDynamicFogFallback-low-seed19.sca,911666,2bb06edb48d9149a455e9dd97e15a068bdc911a64e6803ede36327baf18ef6b7
MistDynamicFogFallback,low,19,MistDynamicFogFallback-low-seed19.vec,3675339,97b14a48e70ec0faa4356c1670d75704533ab4a0bf3181a8e51de1d657c880ee
MistDynamicFogFallback,low,19,MistDynamicFogFallback-low-seed19.vci,74270,b734bc012935341140255e6603be3563f52979caeeac974930750c75548fe366
MistDynamicFogFallback,low,20,MistDynamicFogFallback-low-seed20.sca,911647,f1d9a98ec45b0ce9279e70570a8c96b6dc4ff204c5d7ecfa7fcc63744e68459b
MistDynamicFogFallback,low,20,MistDynamicFogFallback-low-seed20.vec,3629217,279ca20dc37798d075a4afd1417b97cde2ab445136595c260d91abced6a7f4b6
MistDynamicFogFallback,low,20,MistDynamicFogFallback-low-seed20.vci,74235,044a38cd3dbc109ee21ff233fbdcf0f3b9a0dff8b238aaf0d17bbdd3b32ca3c9
MistDynamicFogFallback,low,21,MistDynamicFogFallback-low-seed21.sca,911555,a2de314f65b538ca136d054a909d93c09564e22441533c1a3c2323c9ed1d0531
MistDynamicFogFallback,low,21,MistDynamicFogFallback-low-seed21.vec,3506160,34704159fca4c3a75cdfc35b8e9a3c4dc1d4ba468d5e5a0fae1cb98477d14f50
MistDynamicFogFallback,low,21,MistDynamicFogFallback-low-seed21.vci,74239,77718651cb83cf5f36c4c62da734480e070828f1a69d154c455483743c5983f6
MistDynamicFogFallback,low,22,MistDynamicFogFallback-low-seed22.sca,911597,369124dabf4c2390396f18252dbef7cf90400d97a93d61917d9bb0215468da09
MistDynamicFogFallback,low,22,MistDynamicFogFallback-low-seed22.vec,3774160,6812ae85e4867b8c5e0a6223982ffdc46d859b9284605edac1920e6c46099f37
MistDynamicFogFallback,low,22,MistDynamicFogFallback-low-seed22.vci,74278,e8506c183dc595f93bfda038b1780dea1cc39ead7855d302489e5db64a882910
MistDynamicFogFallback,low,23,MistDynamicFogFallback-low-seed23.sca,910411,22075a7310bd3912e23e6c9870c2b7bb3c45d7f291f38b0fe0becf57fd21ff05
MistDynamicFogFallback,low,23,MistDynamicFogFallback-low-seed23.vec,4180082,562aae1777431ae2ff533bd0e4e1aca6db22882f00d20652e2e03969edfee961
MistDynamicFogFallback,low,23,MistDynamicFogFallback-low-seed23.vci,74131,98679498024c0c18a5e9bd5d78eee4ad1da6eb557c203b715cd26f21113cf0e7
MistDynamicFogFallback,low,24,MistDynamicFogFallback-low-seed24.sca,911547,2628986dfa3a11a0e624accacd135413fa0f1f960ddac11d81ae7373b4e40d0a
MistDynamicFogFallback,low,24,MistDynamicFogFallback-low-seed24.vec,3488464,017ffb9ae63f3626cb238afde7747d8d59c32a7a14c72a594c2828133a88967e
MistDynamicFogFallback,low,24,MistDynamicFogFallback-low-seed24.vci,74310,961e85a8b5ef242d96cff97c5b4a6c9efc694c8636dd08a21a1948be08a8554d
MistDynamicFogFallback,low,25,MistDynamicFogFallback-low-seed25.sca,890819,7fe09151ba8cbf0d014c5958ea6c8c4879ca4cf004c0a130734bca491bc0f867
MistDynamicFogFallback,low,25,MistDynamicFogFallback-low-seed25.vec,4784932,42acecdc64c01bb4ef20c766e5ed51642723c8c5bd64940dcb8e9b94bde80cb8
MistDynamicFogFallback,low,25,MistDynamicFogFallback-low-seed25.vci,72300,8a2ed234bac94eb214f73fcc9f7c127e53dcf5f5d9a8e45907ad249014936c3a
MistDynamicFogFallback,low,26,MistDynamicFogFallback-low-seed26.sca,911537,ad137d7cbaac93318f73393e0d1e58bc7ea8b3cafd0c9a92082f7882906e4e96
MistDynamicFogFallback,low,26,MistDynamicFogFallback-low-seed26.vec,3801292,e6070f548aa0ae230ea8210387aeee84a61e3e3d9f1b56a4ee46102cf63034cf
MistDynamicFogFallback,low,26,MistDynamicFogFallback-low-seed26.vci,74298,4765aeaed152a281410e5803465af4544573df88db32eb69256fb902447a0990
MistDynamicFogFallback,low,27,MistDynamicFogFallback-low-seed27.sca,911762,bcc253de220125239c2554bf647c8271209067f9eba8e8e66b8a9a10d3bd78c3
MistDynamicFogFallback,low,27,MistDynamicFogFallback-low-seed27.vec,3877803,936baf27d50a0ca86979d2e2bad7fcd576b80808fa4c0953e91b143271693a5d
MistDynamicFogFallback,low,27,MistDynamicFogFallback-low-seed27.vci,74117,2387e01781f7dc43d551634a1fa05f3a51b35fa684325676daf8a373be159965
MistDynamicFogFallback,low,28,MistDynamicFogFallback-low-seed28.sca,890797,9b0287feb49a006c61646fcd9fd80d47b9200464421ad04a27110b9ac52a00da
MistDynamicFogFallback,low,28,MistDynamicFogFallback-low-seed28.vec,4244915,7aabea2a7b730009e93b1ad71125d2d1e6387d23d3d6d26dbe6b25fce534afa7
MistDynamicFogFallback,low,28,MistDynamicFogFallback-low-seed28.vci,72158,5cc1f9e9d9e3549c4f63ca96face556d6b9e38780d1eacc5e2ff4aadac3df232
MistDynamicFogFallback,low,29,MistDynamicFogFallback-low-seed29.sca,911857,9e6ee48f06cf8cb018096deb120909fae22144ce0af43acd829620a65bccb7f0
MistDynamicFogFallback,low,29,MistDynamicFogFallback-low-seed29.vec,3466548,772b70ce8fd6d5f9b40e8e73f1e385813886392d14af8991cd9cfa2d634b26cf
MistDynamicFogFallback,low,29,MistDynamicFogFallback-low-seed29.vci,73987,e866da1a3cd111e8e32f3a74f7f7bc4635bd9b1bbba88696222d0c0f0ee9ce20
MistDynamicFogFallback,low,30,MistDynamicFogFallback-low-seed30.sca,911589,df38f48a5acc5c96419b0d8d8b4acf845fd0a1997587903d8bcd83ff25d5dfb6
MistDynamicFogFallback,low,30,MistDynamicFogFallback-low-seed30.vec,3398170,bbf698d4ae386b19f205d1b766027eb184ccdb355b468bdd63074516ddab36a6
MistDynamicFogFallback,low,30,MistDynamicFogFallback-low-seed30.vci,74254,8de2e6b15577ded9dbaa1121fdd4b2cca1458f3298f4f3691cca3c412101b912
MistDynamicFogFallback,medium,1,MistDynamicFogFallback-medium-seed1.sca,1625184,3a00dcf05db84cedd01a629f231c470f687b30a3458c05c040ad16aae33b9527
MistDynamicFogFallback,medium,1,MistDynamicFogFallback-medium-seed1.vec,7193247,48ec4d1f669661a38fed93067185bcc8fc5fb4cdb82d30f04bd9445cb6c205bf
MistDynamicFogFallback,medium,1,MistDynamicFogFallback-medium-seed1.vci,138735,1b0306e513f38bda1ca95a38344f649f315d77fe281c70d9b572d732fcdb8ecd
MistDynamicFogFallback,medium,2,MistDynamicFogFallback-medium-seed2.sca,1625309,770a82eb79da58f9360a3abe3e99a4150c84bc252c2831bcae554620176189f0
MistDynamicFogFallback,medium,2,MistDynamicFogFallback-medium-seed2.vec,7141901,a8c3cee84ed2fb4bb5516177ac792ecb67542b09cf77f2cc68d85d2db24e2156
MistDynamicFogFallback,medium,2,MistDynamicFogFallback-medium-seed2.vci,138638,8ce5fd0a7604a10950b4f7dfd8bc205c1f6b889571e6a18bef75c7de508e72e7
MistDynamicFogFallback,medium,3,MistDynamicFogFallback-medium-seed3.sca,1625539,bd9ab9b4dc48ca87d1914cc662c1c636689f1009b87180a3802d64752713078e
MistDynamicFogFallback,medium,3,MistDynamicFogFallback-medium-seed3.vec,7321998,cce6acdc843fd9d75fcf6e6ef89c1525fe45a30b1006d3d53f05046c7aaba78a
MistDynamicFogFallback,medium,3,MistDynamicFogFallback-medium-seed3.vci,138670,f68af67456748ddcb816356fc90c59ea5f0349e885c9fb4daaa1ff3762137565
MistDynamicFogFallback,medium,4,MistDynamicFogFallback-medium-seed4.sca,1625748,bcdc36d1d03c11d64f098bb0051953982aa466f0f5f4b582f0c0f68afa25f2c0
MistDynamicFogFallback,medium,4,MistDynamicFogFallback-medium-seed4.vec,7267230,9db95ba117e5eb841ce6f1d34b12f256ab1a8c8c316cb38cf5df57a75813a0b1
MistDynamicFogFallback,medium,4,MistDynamicFogFallback-medium-seed4.vci,138853,d64dfc0a64fbd40e30c642423cc03920643dd0c64266a2587c5a21f5bdb3adf9
MistDynamicFogFallback,medium,5,MistDynamicFogFallback-medium-seed5.sca,1625792,2591832034511f8d7052c693aba65d210b942ca2ea009753d952286344b79a7d
MistDynamicFogFallback,medium,5,MistDynamicFogFallback-medium-seed5.vec,7376353,6f62c79cc0f26fa19c7b09b4686f3b2d02784320d7828e8d6270a7be568985ce
MistDynamicFogFallback,medium,5,MistDynamicFogFallback-medium-seed5.vci,138739,eea90a93ce7a18befa2218a8b4631a7d7194f05a43c771cc1566d39ef6239da6
MistDynamicFogFallback,medium,6,MistDynamicFogFallback-medium-seed6.sca,1625278,905f0a322f3ae3e7cbe473c970a3853ae124d5eea4f8d95a6a3dcb2ada58f4a6
MistDynamicFogFallback,medium,6,MistDynamicFogFallback-medium-seed6.vec,7610614,259c0dd4f964b9fbecd2d7b26aa47b0b0618f3cd612dcec2f2006890cea04c9f
MistDynamicFogFallback,medium,6,MistDynamicFogFallback-medium-seed6.vci,138750,36b92ef742b1054f5730c8b951adf814a71107a65a034d71f33401cf97e1b148
MistDynamicFogFallback,medium,7,MistDynamicFogFallback-medium-seed7.sca,1625331,f4bf60a27354b37324db63e76ad6cb4b57f0499c6a7567d533385be94a15846a
MistDynamicFogFallback,medium,7,MistDynamicFogFallback-medium-seed7.vec,7490867,5b96cd9cf86eba1f24f146b575a134a16081008d6d94aa7373dcc24f35a6dbef
MistDynamicFogFallback,medium,7,MistDynamicFogFallback-medium-seed7.vci,138817,2fd276ad283c5c2f45bdbe609949990be72acb4facd5ec276eb512bcadf7181f
MistDynamicFogFallback,medium,8,MistDynamicFogFallback-medium-seed8.sca,1625304,6791e08f02f3a0abd7efb38cbeda9c067fc725c600bac222ca17d0b72f3958d2
MistDynamicFogFallback,medium,8,MistDynamicFogFallback-medium-seed8.vec,7015223,9d3e8f34dd3590ac3b2be6d4b7510051fb4f587b4b18a1d37fe567c4362d7902
MistDynamicFogFallback,medium,8,MistDynamicFogFallback-medium-seed8.vci,138891,2a761659336ac988a987bd9d72011d32ac5abccf42debb2cd466d01bb71a65ae
MistDynamicFogFallback,medium,9,MistDynamicFogFallback-medium-seed9.sca,1625836,c31f077f69c4c7612a119abe9ee5df791870cea9c388a7fb3b306149a8ba7311
MistDynamicFogFallback,medium,9,MistDynamicFogFallback-medium-seed9.vec,7571109,5b5bee6c3ad66a1a1c3d8e1322e3d2726a69373f9a856c74590c8d73d2b589b1
MistDynamicFogFallback,medium,9,MistDynamicFogFallback-medium-seed9.vci,138930,6a6d298fd54dc4990ad3900e384c9ec69bafb4e02e3a73224d68268a8192a4d7
MistDynamicFogFallback,medium,10,MistDynamicFogFallback-medium-seed10.sca,1626540,0b5acca5f2520811bb6e95541f516e5ef99ca78c11ce042123cebc8fa35a850a
MistDynamicFogFallback,medium,10,MistDynamicFogFallback-medium-seed10.vec,7419262,aa82ad458df55d1d52576ecd5576a5ef0b851a6d70cab18e75a572a7f2c45199
MistDynamicFogFallback,medium,10,MistDynamicFogFallback-medium-seed10.vci,138937,e3a7c49c1e3330d124fa221533475283145eb08951403406f22ed468b1c0bc7c
MistDynamicFogFallback,medium,11,MistDynamicFogFallback-medium-seed11.sca,1625902,63840885830e2039c9be86c5e3b2e40f3149212066c9c1761d23568692174304
MistDynamicFogFallback,medium,11,MistDynamicFogFallback-medium-seed11.vec,7359732,4380dd9ec81edaa52ee3b72b2563b1cf1ee918dd212c71db64eb7ef4a620f8d2
MistDynamicFogFallback,medium,11,MistDynamicFogFallback-medium-seed11.vci,138614,f70d53c5d5db258f1bfbb803cf174bf116a39e58e3685a9a2a58515f1052694f
MistDynamicFogFallback,medium,12,MistDynamicFogFallback-medium-seed12.sca,1625813,23d82e65dd938aebd8d8cecb8a7b86c697dbb9037917a2edc4b0722382aed479
MistDynamicFogFallback,medium,12,MistDynamicFogFallback-medium-seed12.vec,7332696,5cd5c29131840beb2c82f555a642b0a658d9fe0ac85eaefba3fd5284f904ba06
MistDynamicFogFallback,medium,12,MistDynamicFogFallback-medium-seed12.vci,138605,482349cde83c33e0943fcfb1ad116c38982ce8c28c6ae50fa8cf046d0d4b9d0b
MistDynamicFogFallback,medium,13,MistDynamicFogFallback-medium-seed13.sca,1626413,dd84dfc53323e3756fbaf0024f0df8b3780f570f6aa291d545450f9988e085c8
MistDynamicFogFallback,medium,13,MistDynamicFogFallback-medium-seed13.vec,7376990,3529d6f2acc445c56fe706c7d569ab92f93178d00e1683623b8c8d59579b8b49
MistDynamicFogFallback,medium,13,MistDynamicFogFallback-medium-seed13.vci,138582,f95372d1a3eba7cfa6a20cb53527ed665354af213eeea131f5c9f3c3417c6c34
MistDynamicFogFallback,medium,14,MistDynamicFogFallback-medium-seed14.sca,1625977,c6e65bb81b753ac957cba26447f5a1cbfef61ae9428b32e813df9a20839a4f63
MistDynamicFogFallback,medium,14,MistDynamicFogFallback-medium-seed14.vec,7198352,4e7c68fcf887ce1d2e9a235ffd295acd763a7c6e80acaca22ca30ffa0348f265
MistDynamicFogFallback,medium,14,MistDynamicFogFallback-medium-seed14.vci,138680,6f78f11e42cd57eb1d6537c6f4bca61917b1c44097c07e0ef1a120279894e220
MistDynamicFogFallback,medium,15,MistDynamicFogFallback-medium-seed15.sca,1625909,889ad9075c1410796f890317ea3f271ac08bd1383f1450e634bd63a2185d2b8b
MistDynamicFogFallback,medium,15,MistDynamicFogFallback-medium-seed15.vec,6872870,3765cf0ab63c3579c40f533438129e9ab07b5db92137e8c0197ac97ae8ba6d72
MistDynamicFogFallback,medium,15,MistDynamicFogFallback-medium-seed15.vci,138766,a4fb0323d14028d6ab7b0a323c4fdb8d94c531dc5c6013b0848cc98504b3a984
MistDynamicFogFallback,medium,16,MistDynamicFogFallback-medium-seed16.sca,1626038,db2a5c14b3f8fa1fa6d2be7647c3e77dac5d2adbdbb8ecd160d0f1cc53037241
MistDynamicFogFallback,medium,16,MistDynamicFogFallback-medium-seed16.vec,7309643,f0424d4375c316010dbcb1317838b17deaf77584a768c9ba1e941fcc051105b4
MistDynamicFogFallback,medium,16,MistDynamicFogFallback-medium-seed16.vci,138866,b8c3f2a1f02c0ad3744323f8b25748458b7516456b3ded9794cc5f2eec7801c7
MistDynamicFogFallback,medium,17,MistDynamicFogFallback-medium-seed17.sca,1626447,5b8d3fb3685015e8e7b9771dbee8b88b6eb233ba21a72e6d412c2123cc815110
MistDynamicFogFallback,medium,17,MistDynamicFogFallback-medium-seed17.vec,7419743,b954e96348ec72b951409799d473269ede7f0600a98f4761e1138f40f1026cec
MistDynamicFogFallback,medium,17,MistDynamicFogFallback-medium-seed17.vci,138670,1b6036fba8e734a468b8c2d92b67cb69ad83944f7e42e1a018f582f6ecbaf59d
MistDynamicFogFallback,medium,18,MistDynamicFogFallback-medium-seed18.sca,1626192,9937be7d3d322bd53aeed50882a2244e6f971c41de8f27b6fd704f7286c6291c
MistDynamicFogFallback,medium,18,MistDynamicFogFallback-medium-seed18.vec,7386696,1e1841a7e146f3ca9cf77be8d628a31112ebc30ac2fe7496a4c7c1924d1a239f
MistDynamicFogFallback,medium,18,MistDynamicFogFallback-medium-seed18.vci,138592,42066d9771014ebe552898a72e4cf8b08b57d0862c08bf90d6d62a55e10397be
MistDynamicFogFallback,medium,19,MistDynamicFogFallback-medium-seed19.sca,1626089,5eea7c5f938f11e9de1549d502ebc7fae05352b87b495bae82a8c26ba57c17fb
MistDynamicFogFallback,medium,19,MistDynamicFogFallback-medium-seed19.vec,7252937,ad42c746b602ca2793ecb23321ffb1fc2523f1196f049b5ab9bb965600fcef42
MistDynamicFogFallback,medium,19,MistDynamicFogFallback-medium-seed19.vci,138702,61369557c3165ee0b64422503456558547b1efbec8ffa436ab90289342d0325f
MistDynamicFogFallback,medium,20,MistDynamicFogFallback-medium-seed20.sca,1626097,94cac1467822d915911503458e1a42edc393a6a03ebbed52918d914dfcce4c10
MistDynamicFogFallback,medium,20,MistDynamicFogFallback-medium-seed20.vec,7351416,d8c5afe43a5335dda080cbbb62a5deaea383abb198963b2f52015c13ce497c2e
MistDynamicFogFallback,medium,20,MistDynamicFogFallback-medium-seed20.vci,138890,c37e19a296873dd00916cecc43f8519124f78ea3aca72a638349d6dc6b1af50a
MistDynamicFogFallback,medium,21,MistDynamicFogFallback-medium-seed21.sca,1625803,63d2f2c3389ab990477b4fc29271a920dccc00494c4c031af9f7fdecf6cd3ee8
MistDynamicFogFallback,medium,21,MistDynamicFogFallback-medium-seed21.vec,6885347,35b1d22822acb0cda434c1318c0f84151347ca7ffff39272214ef89af180469b
MistDynamicFogFallback,medium,21,MistDynamicFogFallback-medium-seed21.vci,138698,5d9baf0550734bb8251e00b9409704d1a79bb335879998a2795a371b29400457
MistDynamicFogFallback,medium,22,MistDynamicFogFallback-medium-seed22.sca,1625836,edd47c5f63955da3b71555b5f2cd4737988a2b5c349dac5efc1707564cd7803f
MistDynamicFogFallback,medium,22,MistDynamicFogFallback-medium-seed22.vec,7623337,fcc93650c40fb6aaf5644661e985e774ddd38fcf82bfa3b98037e9a4c47cbd36
MistDynamicFogFallback,medium,22,MistDynamicFogFallback-medium-seed22.vci,138584,9254f582424b5fde7292e0b4a2d57e78fdb30b276d0869576e3298bbca21f668
MistDynamicFogFallback,medium,23,MistDynamicFogFallback-medium-seed23.sca,1626062,383e616da849af36ee42d6536ad21f192221ddf169ef9983b76902d62ec6d749
MistDynamicFogFallback,medium,23,MistDynamicFogFallback-medium-seed23.vec,7009449,11bf33490a269bb529ddf5fdccd79bfa468eaa86c804325e764e76283483f41f
MistDynamicFogFallback,medium,23,MistDynamicFogFallback-medium-seed23.vci,138655,c13ff777040a5d1a919e17ae0209c4a4b14f9ac3ab1d9834e8c5d26744b12a70
MistDynamicFogFallback,medium,24,MistDynamicFogFallback-medium-seed24.sca,1625853,610784392541440c0d89a5818f77f0e2c0adbd60d57473964bbb4dffaeccde7d
MistDynamicFogFallback,medium,24,MistDynamicFogFallback-medium-seed24.vec,7528034,43ae9ff844ae5eda86cb47046cae02b7474ca3de70bb7dfbb020a7cd753c2783
MistDynamicFogFallback,medium,24,MistDynamicFogFallback-medium-seed24.vci,138719,430310eb915d818577220d142673590c50a16d50bfbb59a1816667497a0f8a06
MistDynamicFogFallback,medium,25,MistDynamicFogFallback-medium-seed25.sca,1604822,4acde3452d1b7515459b8ad8c0c711b7ee56b223b9a516ed0903f08091c01d31
MistDynamicFogFallback,medium,25,MistDynamicFogFallback-medium-seed25.vec,9280255,68ab8b545ecf69295f7dbf7ee2bc6772a8d4202a003649c7932f674f5094c869
MistDynamicFogFallback,medium,25,MistDynamicFogFallback-medium-seed25.vci,136825,66363bee2e9de7c1ab40ee8711c7e3b4a18fed7a16eddd7f577ea3549a61e983
MistDynamicFogFallback,medium,26,MistDynamicFogFallback-medium-seed26.sca,1625847,ec534ed9b30d871dcd07c144b50f3aaa371737f7fa8fbd057ae97af435dc6009
MistDynamicFogFallback,medium,26,MistDynamicFogFallback-medium-seed26.vec,7370729,906af3c881857c1b6b4e811e6468125c0278816012363762224742a43faf4bda
MistDynamicFogFallback,medium,26,MistDynamicFogFallback-medium-seed26.vci,138785,9e16afb6e40f8a5c9a9c2401c60f12ba8b2e43eb8fb805e3fd21fe8eaaa34ded
MistDynamicFogFallback,medium,27,MistDynamicFogFallback-medium-seed27.sca,1625974,37d842e00953188a3f47b4235706dff2696b6ad26f2bc1c7d08ceb4f89533d05
MistDynamicFogFallback,medium,27,MistDynamicFogFallback-medium-seed27.vec,7582258,f478bf07c83d3d6bf582ddefcf04584c3aa6cc8d3e09ce4c18bd19b2af43849a
MistDynamicFogFallback,medium,27,MistDynamicFogFallback-medium-seed27.vci,138636,3d3f765d8e0df8a6711c2e4c7a302d6930153eb9f1ec3af2af8c0e9fafecd919
MistDynamicFogFallback,medium,28,MistDynamicFogFallback-medium-seed28.sca,1625848,47e7cd86d9f185d49ae04d9a4a9c6710bb1ff8e20db5e96e3bbf04262ecf9bcd
MistDynamicFogFallback,medium,28,MistDynamicFogFallback-medium-seed28.vec,7446233,c0efe4351636dc7d26ea254226eb95d8e13d0f60404e334753b15256abf0579d
MistDynamicFogFallback,medium,28,MistDynamicFogFallback-medium-seed28.vci,138722,239b4921b5877d2f6ed9c6367b6882cfdf5e1aa6e38fb0e4e806bfc26b576baf
MistDynamicFogFallback,medium,29,MistDynamicFogFallback-medium-seed29.sca,1626233,7cf997372d354a315e26e3728a783e8510cb1502e1bd80cc87d381d063e5c42e
MistDynamicFogFallback,medium,29,MistDynamicFogFallback-medium-seed29.vec,7069864,0efb00343bfdd7fd41f5c52a0c0d5b345c182b9c76cea62fb4a0d1fdfcafe9ad
MistDynamicFogFallback,medium,29,MistDynamicFogFallback-medium-seed29.vci,138635,57b938026462915a9eb3c1a6bf3f62a17aedec5d64c3a38ee2578c5fb0b88d3a
MistDynamicFogFallback,medium,30,MistDynamicFogFallback-medium-seed30.sca,1625886,697c6678e042d86858cabe349db583285a09db5827fabf06ac155ebf954e46ca
MistDynamicFogFallback,medium,30,MistDynamicFogFallback-medium-seed30.vec,6813524,856fe6beafeff0a58729b124188251634da8d838a2ad6ed97086491f08785f30
MistDynamicFogFallback,medium,30,MistDynamicFogFallback-medium-seed30.vci,138914,4dc9c3578173b1250523b1f95cf4673fc10d1c63521e48da0b9df5563814bc2b
MistDynamicFogFallback,high,1,MistDynamicFogFallback-high-seed1.sca,2180608,265a6700e07ca2b3e52714f735d614281eb870b377e5d22dff873e565b6f54db
MistDynamicFogFallback,high,1,MistDynamicFogFallback-high-seed1.vec,10695486,f5e5a6b71c36487e6cf40bc7e59607069ad7dd24a214eb53d5d412841d59a3f1
MistDynamicFogFallback,high,1,MistDynamicFogFallback-high-seed1.vci,190255,cac640ecca143b47c13b5f581c2052eb3775b52274be5b548683ba9834e22ca6
MistDynamicFogFallback,high,2,MistDynamicFogFallback-high-seed2.sca,2180664,8dd28ce334b0788abd227b75715ec74f113c021b38f5e085c3a384808228464d
MistDynamicFogFallback,high,2,MistDynamicFogFallback-high-seed2.vec,10573682,f7bf6e8a37fbc4513bb032d04e8b6f725051d13a75b01eac86b7adeffa4287ca
MistDynamicFogFallback,high,2,MistDynamicFogFallback-high-seed2.vci,189711,e4ffe80788c8a4ee4cac7e2bdeb722e50c1798fbf0a2bab53108da1ca7b2bb19
MistDynamicFogFallback,high,3,MistDynamicFogFallback-high-seed3.sca,2180606,ac161cbb5780e8d4c7f1bc90b8748a96db87925bef077c4854c989110e0f7506
MistDynamicFogFallback,high,3,MistDynamicFogFallback-high-seed3.vec,10799735,90c89409312b23ae81cff9af9af7cda89d4717e62560ef95483c8911f9a11c9a
MistDynamicFogFallback,high,3,MistDynamicFogFallback-high-seed3.vci,190052,67ad307d49e1fe6170696ae3d0ebd9ff4b71e481ca84aad94e25152c7cca1208
MistDynamicFogFallback,high,4,MistDynamicFogFallback-high-seed4.sca,2181110,4f48571d79ed86bf829e9630316113e4415081ef139abbf9f86f6d31f9e0dd44
MistDynamicFogFallback,high,4,MistDynamicFogFallback-high-seed4.vec,10962755,e8a01b4424fbf9bbc88625845723af25ae0dcaf8ee0ab63ac1780429d66fa7c6
MistDynamicFogFallback,high,4,MistDynamicFogFallback-high-seed4.vci,190171,894ae67eba02a51238069c6e110f7648b9d191fc6859ff665456c91f9e5f8e35
MistDynamicFogFallback,high,5,MistDynamicFogFallback-high-seed5.sca,2181283,c996ec2de8de8c2c4f36cd4feac32b7a000c089cf3da6f4775d5e2255867fe83
MistDynamicFogFallback,high,5,MistDynamicFogFallback-high-seed5.vec,10808655,4f5274d06b908a06369e0cff0df15de11e6d64887ae7493a65684047afdbc2d3
MistDynamicFogFallback,high,5,MistDynamicFogFallback-high-seed5.vci,190289,7ffd06451bfd2b424493ba56c7996e00df1b025460d7c3d6d7dbb04ffd8b5a82
MistDynamicFogFallback,high,6,MistDynamicFogFallback-high-seed6.sca,2180486,d3a7811f20018eb541f43b9fe14533ff520546fc4078b962e326d1bf3ba757e2
MistDynamicFogFallback,high,6,MistDynamicFogFallback-high-seed6.vec,10851088,84fec34313b10df5ed65f83e9f136c5f58a7f5300f2aa8b76ddfcfb39896a37c
MistDynamicFogFallback,high,6,MistDynamicFogFallback-high-seed6.vci,190179,83e64eacf8c1f9cc5fd560dd3f57e6b6b0a13ec748bfd0ef7e2ae0a3adce147d
MistDynamicFogFallback,high,7,MistDynamicFogFallback-high-seed7.sca,2180555,11cc53d644b8322cdd684ef276e81ea65714cf60888899fd4fc63a9f712d59c3
MistDynamicFogFallback,high,7,MistDynamicFogFallback-high-seed7.vec,10505603,3732e95c44ba48e639c054353f01e75895ec2eeb743f8704c68aa90f22340111
MistDynamicFogFallback,high,7,MistDynamicFogFallback-high-seed7.vci,190084,0e951101117dd5afa81d405aa291414f09b63d8cf648a76c49033fadefc8fce2
MistDynamicFogFallback,high,8,MistDynamicFogFallback-high-seed8.sca,2180959,cfcd568a4dbe4cfe692ea69e016d8f23f50af3a64af60deba13e61194d3c733a
MistDynamicFogFallback,high,8,MistDynamicFogFallback-high-seed8.vec,10393259,e113810adff9ff13a3efd0d99b888a15faa17dbdfdde6c0bc94b0eef8c37df72
MistDynamicFogFallback,high,8,MistDynamicFogFallback-high-seed8.vci,189886,08779b44256b95176658e57780a81fa9af28302dab5885697301fb0169bb1c45
MistDynamicFogFallback,high,9,MistDynamicFogFallback-high-seed9.sca,2181136,b3a228eb29fadd512f105a57053b737b63a55bf4b70a3e216c5db206395c951d
MistDynamicFogFallback,high,9,MistDynamicFogFallback-high-seed9.vec,11000395,3b62d0394149e9697c8cc05314ecf03d68c8659db5403e721ef3347425e426d9
MistDynamicFogFallback,high,9,MistDynamicFogFallback-high-seed9.vci,190084,1e2c8389ee817fe41fbb05fbc6d09d64887ff970e90fd19e9b1faa75f8148aae
MistDynamicFogFallback,high,10,MistDynamicFogFallback-high-seed10.sca,2181972,e0a2bdb8f05167b9055f5b793da30856f8c1d096bcd629067679c70f65acd26c
MistDynamicFogFallback,high,10,MistDynamicFogFallback-high-seed10.vec,10859649,a5a729b4752e337960a4764c6ae76d497a31f0aca9e1819c805d079b53a665ec
MistDynamicFogFallback,high,10,MistDynamicFogFallback-high-seed10.vci,190126,1b67fad2d969afd58e7a78e0337ae15231f0ef32d85025cdea245aef0bc919c0
MistDynamicFogFallback,high,11,MistDynamicFogFallback-high-seed11.sca,2181753,f78505b2dd306e4401937e2d78d3883dab902bb30f5e966b02b9de6d1efaaafb
MistDynamicFogFallback,high,11,MistDynamicFogFallback-high-seed11.vec,10773878,ce2cf2a9ca5d0cae94cc5f70a2416e3f23aa1f05a98fa1f5bd5d8d5aa550be45
MistDynamicFogFallback,high,11,MistDynamicFogFallback-high-seed11.vci,190078,00e8ae46d86aa22be3953920ac1df52c2bb8bfc9acb58aad48e03b057249c147
MistDynamicFogFallback,high,12,MistDynamicFogFallback-high-seed12.sca,2181425,d0bf66fe3543bcb973480ce3360e87724252f05c835599cb7cb508379d1d25c1
MistDynamicFogFallback,high,12,MistDynamicFogFallback-high-seed12.vec,11035211,7a20fa73697cdbba533fbb0a7b996879fc1f4ad238014a640658d77574551031
MistDynamicFogFallback,high,12,MistDynamicFogFallback-high-seed12.vci,190155,7aad4c5f61e1bf4adc8cdc3f664e1aea026b5cee6a0d408916ac65a13fc6b618
MistDynamicFogFallback,high,13,MistDynamicFogFallback-high-seed13.sca,2181823,7e37bb0898ce2157fd72069743181b7b456c0f6f9ed15f0d1067a0e0fb677ea9
MistDynamicFogFallback,high,13,MistDynamicFogFallback-high-seed13.vec,10474411,0ea79bf47332c9bb30dbd2ecd498072d81e9c1ffcb8462fe69f21f17a96a4fdd
MistDynamicFogFallback,high,13,MistDynamicFogFallback-high-seed13.vci,189844,e6c51fcf88e3288014c9a20ee402f4c30d49cd0d7ade92c16ad57565dea141e6
MistDynamicFogFallback,high,14,MistDynamicFogFallback-high-seed14.sca,2181659,6e3be99532ab81170c8629bca44ecec30f3666888ddf724e9ec012c8be7d0f86
MistDynamicFogFallback,high,14,MistDynamicFogFallback-high-seed14.vec,10815714,94e002002a0b00f16374de396e635ceefc274caa95d6e132300c1bdcb7939a0b
MistDynamicFogFallback,high,14,MistDynamicFogFallback-high-seed14.vci,189705,f77ff2131ad633c6f85bb814dde3febe6a93e45736dd515e09b6baca767cf1a5
MistDynamicFogFallback,high,15,MistDynamicFogFallback-high-seed15.sca,2181404,0332062017dbef5b44423a6bf7c945af9859a92861615df26e7b50eac60f19f0
MistDynamicFogFallback,high,15,MistDynamicFogFallback-high-seed15.vec,10466828,aface40930f1e951e86e91d1cbba2fa16c5ad34eaabd83624b9497d04fa7e270
MistDynamicFogFallback,high,15,MistDynamicFogFallback-high-seed15.vci,189939,9f03bdc75c124f64cb34528a3bd8ba4697b2ad08705967407635917a26d91db4
MistDynamicFogFallback,high,16,MistDynamicFogFallback-high-seed16.sca,2181517,d339469f265a9d24a8ddd2dad597402f058f6acfa99c5a5160ae94d41d820ce8
MistDynamicFogFallback,high,16,MistDynamicFogFallback-high-seed16.vec,10137859,36831f0b6bd0ef2d03bce630f5cec806238c8acb339301b40a0615169b6816e0
MistDynamicFogFallback,high,16,MistDynamicFogFallback-high-seed16.vci,190057,20b62274f2c41d5a8d7d536d02b51eeddf410cb6381b6a487bb3b26e62359dc6
MistDynamicFogFallback,high,17,MistDynamicFogFallback-high-seed17.sca,2181935,8be9532fc0300c2a386684d8c49f12fa09e463c204e65581a5e5054fc03b2224
MistDynamicFogFallback,high,17,MistDynamicFogFallback-high-seed17.vec,10985548,d08a0878d90f24f5ed227e814996aa9cddc9e1ec12673ac75c1c15c85dd6821c
MistDynamicFogFallback,high,17,MistDynamicFogFallback-high-seed17.vci,190033,1c063ab90a0fd771a0e0c030ccbf2fb9324131a64b06d036bd04d4d6ef844832
MistDynamicFogFallback,high,18,MistDynamicFogFallback-high-seed18.sca,2181673,7f6297127eed1e84b7593a47b504141b53264dd6c2bb6d6786ad100a2cc8fb47
MistDynamicFogFallback,high,18,MistDynamicFogFallback-high-seed18.vec,10372543,7c1c6999c9e2a66d276400d5c4640e6c4c5151a94981b4c3e1c36162b59ffce5
MistDynamicFogFallback,high,18,MistDynamicFogFallback-high-seed18.vci,189957,58733eeec15c8376b2f4534e793eb1d257c3211a297e3ad50a8a5bb995c47970
MistDynamicFogFallback,high,19,MistDynamicFogFallback-high-seed19.sca,2181558,4312b53e7d061a9537d41bd8101957bf7921bd709433032dac157ff52d7cd227
MistDynamicFogFallback,high,19,MistDynamicFogFallback-high-seed19.vec,10443124,ab21c3d2a2f69a2c1c057beb48e9d04da571681984160dc3366227e880bae58e
MistDynamicFogFallback,high,19,MistDynamicFogFallback-high-seed19.vci,190228,6e608de5f338d8e741d5f3923c7ba3fc8a3d942b526af7d82093aec16ed9d88b
MistDynamicFogFallback,high,20,MistDynamicFogFallback-high-seed20.sca,2181637,af0541a45a10aa47fbf551311f10310257cb3318b7c115dd1efd7f267d44490c
MistDynamicFogFallback,high,20,MistDynamicFogFallback-high-seed20.vec,10556349,67990ac38b944ca9f442b456077234c116d139eb4fe10c1d0a7ec57f223c0904
MistDynamicFogFallback,high,20,MistDynamicFogFallback-high-seed20.vci,190079,c661470dc07512ed445752f2c0ade4fc4d1dac54c18e170839c4256e9f45861d
MistDynamicFogFallback,high,21,MistDynamicFogFallback-high-seed21.sca,2181468,cbcba53b8fc513b243d0b051ced071c9389f3bf11749d5e281b7b97a626e286d
MistDynamicFogFallback,high,21,MistDynamicFogFallback-high-seed21.vec,10344191,3b5f91fed74f6d9d20c0fb365a278184a6d91a084b5066e6b1fd80dd456d75d3
MistDynamicFogFallback,high,21,MistDynamicFogFallback-high-seed21.vci,189878,69c6ee98258994b5869b21d168c646764c9938330f935b837714c36412919e7c
MistDynamicFogFallback,high,22,MistDynamicFogFallback-high-seed22.sca,2181634,a2b82c4a9f90ddf491e3f33b37339165aef088a9e76aeb664c11ce79037d6b52
MistDynamicFogFallback,high,22,MistDynamicFogFallback-high-seed22.vec,10829431,6b1874718a3c78b6d17d3ebc285b331d48a70d8091cd1d7d8e2d88d7145eb0a2
MistDynamicFogFallback,high,22,MistDynamicFogFallback-high-seed22.vci,190038,f1af52a3626bc523e0100005031b68c1688c336db6088f4fee09502dac88eeab
MistDynamicFogFallback,high,23,MistDynamicFogFallback-high-seed23.sca,2181661,82303d98b917218c82a17040d52a7b08fff7d2e68680bc86ec3470d16ed81673
MistDynamicFogFallback,high,23,MistDynamicFogFallback-high-seed23.vec,10391700,1707daf06a5508ee6b3a10f0dcdcd950468dae93eca866c02910154fef02ae98
MistDynamicFogFallback,high,23,MistDynamicFogFallback-high-seed23.vci,189785,770a9037829baeecc56e94bbc1267beb56c37f85963602616cc40b40f8d42897
MistDynamicFogFallback,high,24,MistDynamicFogFallback-high-seed24.sca,2181580,a9a9002d68bb077a47dab2aa88626f5308099e6f0f295c8f78cc88bfe48725a9
MistDynamicFogFallback,high,24,MistDynamicFogFallback-high-seed24.vec,11091510,c43d191c03fab010a1df2f7c36d459484cb771f6e744692c088854adf9d0bc73
MistDynamicFogFallback,high,24,MistDynamicFogFallback-high-seed24.vci,189871,1078a6da2f694c066ac4d534baf971d2774eb7a7efbe5c056768de918491fbc6
MistDynamicFogFallback,high,25,MistDynamicFogFallback-high-seed25.sca,2181644,c6a8812d472a882297fd1261de9544fc5acd0dd4b8521a2c9522a9d3b58ead45
MistDynamicFogFallback,high,25,MistDynamicFogFallback-high-seed25.vec,10811274,ef372a675d1de0ba47d4e7b708a22f97fd0e7612e48ab9fc5785a6988f8f3561
MistDynamicFogFallback,high,25,MistDynamicFogFallback-high-seed25.vci,190058,ea5646db2427adc2ccbec13c7e79bed9a415bebae2316ad1f6922c3935d999f8
MistDynamicFogFallback,high,26,MistDynamicFogFallback-high-seed26.sca,2181510,fe14c1dd9a472a52e6834e794c57b620eb45d54291b3f9a7857c37942ee2accd
MistDynamicFogFallback,high,26,MistDynamicFogFallback-high-seed26.vec,10633196,0d02779916c07b908ea9ee8ac06ed3767a7d1590b0d527de51dc6a82880a246f
MistDynamicFogFallback,high,26,MistDynamicFogFallback-high-seed26.vci,190218,18603b5fa50d4d483986e3b9acfd68cc52e029b814cb3bd6c884bcf4029ec3d3
MistDynamicFogFallback,high,27,MistDynamicFogFallback-high-seed27.sca,2181653,a04df83407c6f28166af80542024f24711fcb440ab114aff81894e0b00a81d61
MistDynamicFogFallback,high,27,MistDynamicFogFallback-high-seed27.vec,10936754,e6572cf32fb502accc3f3186bff04e09fbfc1d9d8207625314d0d5deac223983
MistDynamicFogFallback,high,27,MistDynamicFogFallback-high-seed27.vci,190269,985b55445bb404e64c2c4cdf869a7b7789654d4a7f644726eec911ce85fb712a
MistDynamicFogFallback,high,28,MistDynamicFogFallback-high-seed28.sca,2181396,a51fb14e5b48bdce6621ba639ad17b1e4a20830d3def38a5fc198b0537608d8c
MistDynamicFogFallback,high,28,MistDynamicFogFallback-high-seed28.vec,10904500,9747f654a676fbc941eb95dc56e0ec91f871fc5ade5f98d43e973231f94d7344
MistDynamicFogFallback,high,28,MistDynamicFogFallback-high-seed28.vci,189923,bddd76b0b917414814ec734de2dd0513c326ced5d45b601fdc7019153054b7a2
MistDynamicFogFallback,high,29,MistDynamicFogFallback-high-seed29.sca,2181604,5106765fbd2bffb46689ac6684a026275c38caf505d00447d4503212b4d55581
MistDynamicFogFallback,high,29,MistDynamicFogFallback-high-seed29.vec,10313008,17cdb697583c1cfc9e71eb5d9f2f07a6647edf601934b4835b11816c51b226f7
MistDynamicFogFallback,high,29,MistDynamicFogFallback-high-seed29.vci,190087,9edbabb07707819c366394e97f56f516fde0b688c02859e382225a956bcc3574
MistDynamicFogFallback,high,30,MistDynamicFogFallback-high-seed30.sca,2181501,6b622c0f80e85531514388a48f8b3244229a09a67c678d9dcc2f6ba3843673cb
MistDynamicFogFallback,high,30,MistDynamicFogFallback-high-seed30.vec,10210882,362d52ef12e15b5f35b6bcd15df1219b326672b0280a6c8e5f8ae1179a21d409
MistDynamicFogFallback,high,30,MistDynamicFogFallback-high-seed30.vci,189946,77aec229fe186962f58122a816cb7ac363a27932d387ffb6a749a3328a46aac5
NoPreemptionBaseline,low,1,NoPreemptionBaseline-low-seed1.sca,910601,a8cd9c78a9fcc99701481a360ff894ab665b08a7f1cbc8a7fb8e3b7f1f766cd1
NoPreemptionBaseline,low,1,NoPreemptionBaseline-low-seed1.vec,3551107,cd8ed18c4781fc4d640544b505921520fdddb587729c5d1f42bc04aacb8724b9
NoPreemptionBaseline,low,1,NoPreemptionBaseline-low-seed1.vci,74221,38cbad7a8ff68b89aac0ad0bfd9557084d42852bb31752d902ef4fec840197dc
NoPreemptionBaseline,low,2,NoPreemptionBaseline-low-seed2.sca,910547,f03ad4ef5eb0cff70cbb7719420b00b51ecdb03d9282ba886265af81afa0cb84
NoPreemptionBaseline,low,2,NoPreemptionBaseline-low-seed2.vec,3564486,7e0081deb7e27ccf6c0292e5d087c1c545552ba011a36808ab26068a10506d0a
NoPreemptionBaseline,low,2,NoPreemptionBaseline-low-seed2.vci,74191,755fb0a2f15179f1a5b8cc8e2fed9c27c9b467db892301802b440439c208dcb3
NoPreemptionBaseline,low,3,NoPreemptionBaseline-low-seed3.sca,910657,14aef00835ea55f82452655ee411ceacd562a376e31106c68d1fb536526bca00
NoPreemptionBaseline,low,3,NoPreemptionBaseline-low-seed3.vec,3867323,259e7d326d35b291f1e46191128a3ac2a3872b27361b259b94cfea8eede05eae
NoPreemptionBaseline,low,3,NoPreemptionBaseline-low-seed3.vci,74308,9cfbd1fb217948a348bc5f69521336652c217301b5588f9600f009db2a592a5f
NoPreemptionBaseline,low,4,NoPreemptionBaseline-low-seed4.sca,910625,0c89b7bc53ed97a603a8c9daa27395375a6840ccc51774c54166ce1712d46637
NoPreemptionBaseline,low,4,NoPreemptionBaseline-low-seed4.vec,3725604,dbd778976d9433f14f8b9ff4d3309e8989aebbdba944427c29e71101cf4a7bf2
NoPreemptionBaseline,low,4,NoPreemptionBaseline-low-seed4.vci,74229,cb67ba96c9eca25c94a0b95c23740285e3e7a4367f8fb5d7c8169a9081eef5d2
NoPreemptionBaseline,low,5,NoPreemptionBaseline-low-seed5.sca,910524,d55c4450e774ef884ffef6d0bc80b6195cc178e39688606dfe5baeedbad6f849
NoPreemptionBaseline,low,5,NoPreemptionBaseline-low-seed5.vec,3659578,150e3abf26475b24b2845caf294659d068fe11681518ce7375082f8a5fdc75cc
NoPreemptionBaseline,low,5,NoPreemptionBaseline-low-seed5.vci,74222,2a8a28bf98cd9aac0f7d462094f9753c4ecea3fbb995b1da172a52edbbf5deb6
NoPreemptionBaseline,low,6,NoPreemptionBaseline-low-seed6.sca,899519,0297dc129473fdd0377b5384c5bad036db273a7ea91d42ddc3439751dc584bc4
NoPreemptionBaseline,low,6,NoPreemptionBaseline-low-seed6.vec,4717811,a5ddb25473061473296ae2d5072bdea1bd1fcdcfd3c256e9294941bd208e2e64
NoPreemptionBaseline,low,6,NoPreemptionBaseline-low-seed6.vci,73528,7d58d0b95ced61a4c855adb29f1035a47879ed34f08dfd369d9f1d916854e05c
NoPreemptionBaseline,low,7,NoPreemptionBaseline-low-seed7.sca,910565,c827c58189f3a2dc020d17e8a705955627aac094cefe3c9561a952771379cb9b
NoPreemptionBaseline,low,7,NoPreemptionBaseline-low-seed7.vec,3600123,3f4aa4916aad7654862edbe3ab502eecfe59b90989a115a5b8d03befbef22d15
NoPreemptionBaseline,low,7,NoPreemptionBaseline-low-seed7.vci,74304,b6ba020c36cce2d31b5db31f01a2aaafa909e4fd98d7c7f6bdb8ca68801eb8ff
NoPreemptionBaseline,low,8,NoPreemptionBaseline-low-seed8.sca,910701,4ade070d46ff594a896928a2d8dba94dd13d43948635b7e393dd75f6cc87cc75
NoPreemptionBaseline,low,8,NoPreemptionBaseline-low-seed8.vec,3679427,be39c019d63fa78e4c61896bd40446aa1a4a3e41bcff7527ff105178e6c50b94
NoPreemptionBaseline,low,8,NoPreemptionBaseline-low-seed8.vci,74379,48adfb7f777ae0c564e7f9c3c0de410f025d59346a4d57d1b1a5fcd08372a617
NoPreemptionBaseline,low,9,NoPreemptionBaseline-low-seed9.sca,910687,1839a784c32bb9e9e4716498a2733bdda5714bf8f093e499de871c4542aead1c
NoPreemptionBaseline,low,9,NoPreemptionBaseline-low-seed9.vec,3758297,5da9bce1969f1037789e2342247345b38554a8f27efbef0769c92cd1883c6598
NoPreemptionBaseline,low,9,NoPreemptionBaseline-low-seed9.vci,74318,a70db112c5fd70387ffab4f4503b7bc56015ca4ffdde5d97ff55612d028ef4ed
NoPreemptionBaseline,low,10,NoPreemptionBaseline-low-seed10.sca,911011,8a6fe6bdd8dca7d9eff4fe9dc6df04b118f7b27d8beb4a436411759cc74c63b0
NoPreemptionBaseline,low,10,NoPreemptionBaseline-low-seed10.vec,3772216,e85e0472f1b39af6ca99e67c922abd68e133d72de4058ea752f26799362788da
NoPreemptionBaseline,low,10,NoPreemptionBaseline-low-seed10.vci,74253,e43358fae1900b61c786e487bd11373a690490a8942ee9a9e5001fa8a98bafd0
NoPreemptionBaseline,low,11,NoPreemptionBaseline-low-seed11.sca,911018,8579fbc3e9745c4f0c214ef6e74620ad38ff7e0e3941e07f21a8f4cbe6452be3
NoPreemptionBaseline,low,11,NoPreemptionBaseline-low-seed11.vec,3565572,2680c3e16b88394ad2c107fb04b1971212d63dd8de6c588fd4b967c9d25aa740
NoPreemptionBaseline,low,11,NoPreemptionBaseline-low-seed11.vci,74146,a2b1d436e9aea00306bb7475f5a2ea4dc30efaa353bf0b041196bac9ce518e4e
NoPreemptionBaseline,low,12,NoPreemptionBaseline-low-seed12.sca,890012,cb7d13c90ffed630d38f3b4da8580e3d15c4982f114aad18e506ac7d1d4ffb5f
NoPreemptionBaseline,low,12,NoPreemptionBaseline-low-seed12.vec,4500161,8caf75f67cbf3e2bc488f0d1d04c4853d9453574afc3959f8129c5508a3429f3
NoPreemptionBaseline,low,12,NoPreemptionBaseline-low-seed12.vci,72347,7dbc9919e2c99ed910d684db13efbce2851c09950c3c09b851bfbf061824b1fe
NoPreemptionBaseline,low,13,NoPreemptionBaseline-low-seed13.sca,910935,595e3007452f6766639f528d892ec2952b239e8b9f09beaae30ff356ac839253
NoPreemptionBaseline,low,13,NoPreemptionBaseline-low-seed13.vec,3517853,01a027220fb7c1acc6198a8f2247b32ca2a8c6499a94d71bf2617ac33d741d05
NoPreemptionBaseline,low,13,NoPreemptionBaseline-low-seed13.vci,74207,168f5732e4d5a4bbb7c73bff5ff3376f69bbe6e4b9fc59f5a81a38e0fa20dc7f
NoPreemptionBaseline,low,14,NoPreemptionBaseline-low-seed14.sca,911028,974a3dc49533b3b208dbc3040b94ebe251a0c9872f5b64dc972bda93deec22ba
NoPreemptionBaseline,low,14,NoPreemptionBaseline-low-seed14.vec,3594438,e12210709ac615b3d74ba0ccd3f092b4c82d5698aeac6c7618ba8081fba463a3
NoPreemptionBaseline,low,14,NoPreemptionBaseline-low-seed14.vci,74253,8d550bb8f86866c5ef695ba9652c6c7a205e6e98df8057394560f5527b3aadc1
NoPreemptionBaseline,low,15,NoPreemptionBaseline-low-seed15.sca,910959,78b73f3693a615354f1fb4016d3c6a2932027b349343e8b72728c2dd8fb6bb24
NoPreemptionBaseline,low,15,NoPreemptionBaseline-low-seed15.vec,3556808,6ee8deea071a22e417faefae1575d477e83fcdb1b3946a17b31f98e01c4b8d55
NoPreemptionBaseline,low,15,NoPreemptionBaseline-low-seed15.vci,74172,7036358aac6a41b859727ad9134386a89d5d93d2072f117beff5c0d03f98c3b3
NoPreemptionBaseline,low,16,NoPreemptionBaseline-low-seed16.sca,911046,c942471e7c1086cbaebe44ad96a4b9f3be890bf00387942eaeabc877412e7a15
NoPreemptionBaseline,low,16,NoPreemptionBaseline-low-seed16.vec,3579743,c588b03046e53b1718ef414019d73ff43f777624717d476ca36b5e9bd2c31d40
NoPreemptionBaseline,low,16,NoPreemptionBaseline-low-seed16.vci,74394,a9d79419ddf61cdc5e29eb1f31ebce6819f73030d0f6557004bdca0284555b39
NoPreemptionBaseline,low,17,NoPreemptionBaseline-low-seed17.sca,910941,51b4fa5cb3484099d29a09a825e8c1297ae3472aab405487c034ce61f7c57a6e
NoPreemptionBaseline,low,17,NoPreemptionBaseline-low-seed17.vec,3825920,bc86ae6c09734abbaf9483e3bad743a2078874a967bd5353befb02f73380db04
NoPreemptionBaseline,low,17,NoPreemptionBaseline-low-seed17.vci,74234,5050f5cef76f7fdb52a245bd470a3601bce7f46c674592bbbfc04a03bf1ab233
NoPreemptionBaseline,low,18,NoPreemptionBaseline-low-seed18.sca,899969,3c40ed2d7e82ddf0b7b9ce9d2a839154cf5fa4f5cb536b7f242c3b56cdcb116f
NoPreemptionBaseline,low,18,NoPreemptionBaseline-low-seed18.vec,4366203,7245c1558590945712d94b5858c70e0e7ce8c7bc32fc1adcb0ae83234e7d591c
NoPreemptionBaseline,low,18,NoPreemptionBaseline-low-seed18.vci,73347,d7b7b677fdb43e73147866734f92b3bd5992e5df52a8bfc14bbdef558b7271fb
NoPreemptionBaseline,low,19,NoPreemptionBaseline-low-seed19.sca,910971,09fcf53c51351be6fa21289d892e4000ac1934f6670046f292828df906425943
NoPreemptionBaseline,low,19,NoPreemptionBaseline-low-seed19.vec,3679897,d6acc8d1f92cd0287a3373d02653138906eac712bd9ea38a9fef1b730db703fc
NoPreemptionBaseline,low,19,NoPreemptionBaseline-low-seed19.vci,74269,44755fcf980d271b5b6940f93cc95e614a698ed413cc78caa08807bf69ee9cae
NoPreemptionBaseline,low,20,NoPreemptionBaseline-low-seed20.sca,911010,ed37fa09553746e888452cb6e9b51de2e85c4c1df56e5da27ccc6413caabc0fd
NoPreemptionBaseline,low,20,NoPreemptionBaseline-low-seed20.vec,3667322,7c21e46194aa0e2cd5d36224c5e539dc9de9acc8dd0db645a6f3058cf71c5064
NoPreemptionBaseline,low,20,NoPreemptionBaseline-low-seed20.vci,74256,e4b21370a822cf7f848f9e8fd345b10dde39cacc6c950331383cf40e6e8966b4
NoPreemptionBaseline,low,21,NoPreemptionBaseline-low-seed21.sca,911072,c10f1e954d5f3971849c1efc3fce3c038515906c1997838adda134d9a5b63f3c
NoPreemptionBaseline,low,21,NoPreemptionBaseline-low-seed21.vec,3543187,bfb30afa7d7c83095183c8a70339e9093d6f999aa7c4670d363a0978e0e7dffb
NoPreemptionBaseline,low,21,NoPreemptionBaseline-low-seed21.vci,74203,ae88fdfed299d9685e1edf744a3489fa94b82299ad38f5626627a06e375df497
NoPreemptionBaseline,low,22,NoPreemptionBaseline-low-seed22.sca,911038,11d925a86a8d51f0d8e89764cf47d0e52dbb5dc5ecc204002776bf0beb1d6801
NoPreemptionBaseline,low,22,NoPreemptionBaseline-low-seed22.vec,3778297,03b43e3928b302238c82acbd124e2502f74ce2ee0748cfc1a6fda14dbbb709b9
NoPreemptionBaseline,low,22,NoPreemptionBaseline-low-seed22.vci,74344,494159aad0fabecb29a4b0cdce2d79008838a9b5ac23b50ffa5de32bfe196e76
NoPreemptionBaseline,low,23,NoPreemptionBaseline-low-seed23.sca,909681,46c4d56aa4a5e422125af18c29456ae7caef62e0924599e0c830b3e2aa4566e0
NoPreemptionBaseline,low,23,NoPreemptionBaseline-low-seed23.vec,4180106,489c5c1bc618f57bf614d2b3791bf5504970969db1189337d04d7dd563697737
NoPreemptionBaseline,low,23,NoPreemptionBaseline-low-seed23.vci,74155,b88288595088868f686efa7d73cc542412654bc602b90010d5a1d30baec88d75
NoPreemptionBaseline,low,24,NoPreemptionBaseline-low-seed24.sca,910880,add5a50bd9b29bef766bf21d4cb92b7958f45ef0ecaaf6f2b9917f950a326b6a
NoPreemptionBaseline,low,24,NoPreemptionBaseline-low-seed24.vec,3495099,3c9db41689329f2738149e938f2742e03b4c8e4db83bb383fd52ca84d7d8b65f
NoPreemptionBaseline,low,24,NoPreemptionBaseline-low-seed24.vci,74315,ed32063aae182c242dca468cf3cc44c828b1ece81760c5b63466f9f84a93d035
NoPreemptionBaseline,low,25,NoPreemptionBaseline-low-seed25.sca,890105,0995d0443a4ba7e1179a797dcf5f2d052c9875e1bb1e2dd381dedf9b6349530f
NoPreemptionBaseline,low,25,NoPreemptionBaseline-low-seed25.vec,4784956,bdedb737cf8acd551a78e6b379039e2df171bbc6ab7bf5f1fae9d908962c8b4f
NoPreemptionBaseline,low,25,NoPreemptionBaseline-low-seed25.vci,72324,feaf794c29fd47486cecd67b49545b5f27199ec67c5ba7ca944bd03d78f640a0
NoPreemptionBaseline,low,26,NoPreemptionBaseline-low-seed26.sca,910992,55640327a0133cfb214eeb6ba7da50ad3f30bb619405f31d4169cde79b46c032
NoPreemptionBaseline,low,26,NoPreemptionBaseline-low-seed26.vec,3813497,afc2786304b3aa52fabb0ee4322ad989ea108426a8f97ab68a241d6f839b0b98
NoPreemptionBaseline,low,26,NoPreemptionBaseline-low-seed26.vci,74262,2d9c57ff3522ba897a09657cb238624dd5ef785b21ddcf21f11740b7fac8e285
NoPreemptionBaseline,low,27,NoPreemptionBaseline-low-seed27.sca,911011,69a85c5b1df4871b04688b292cce4d2852ca02b40efc30f2fc67aed98621bb89
NoPreemptionBaseline,low,27,NoPreemptionBaseline-low-seed27.vec,3912184,f44341d7ab1cd142533a6f54151fbc1206cac6fa6f95717f1419de61e2d01d30
NoPreemptionBaseline,low,27,NoPreemptionBaseline-low-seed27.vci,74261,590ebfb542f8e61bd7891cf96e4f05e7f307fc31baa86a7224b620070b4c9ccf
NoPreemptionBaseline,low,28,NoPreemptionBaseline-low-seed28.sca,890083,25d5a6b8130400dcf1e99dd269ab1bdab568bbf7fea5424db8979b1e6274c0d5
NoPreemptionBaseline,low,28,NoPreemptionBaseline-low-seed28.vec,4244939,b129b412c8b35690256a33bb3b5b86c117e16863d482b30461696734b7f59d12
NoPreemptionBaseline,low,28,NoPreemptionBaseline-low-seed28.vci,72182,08d9b90bc15d2bf332f29fc950330a9611ce59750c443ed270377dfe6d204af8
NoPreemptionBaseline,low,29,NoPreemptionBaseline-low-seed29.sca,910859,8ce0d27924406185e83d1edded7d37ea32fe492c88118831efc84786ffb750e3
NoPreemptionBaseline,low,29,NoPreemptionBaseline-low-seed29.vec,3497781,d2a4151c724271eea9f11065bd875a586516fc6cbcb837f7fc094350a799d7fd
NoPreemptionBaseline,low,29,NoPreemptionBaseline-low-seed29.vci,74012,fdf78a04db7407a10b49d1cc47057051ffa510bc881fd92e58f3483eb073afe9
NoPreemptionBaseline,low,30,NoPreemptionBaseline-low-seed30.sca,911021,7b961e49ae7b1bdbb4c641c1fbaa35a9d9cd06a2b82a42b4e1d9888598b5ef05
NoPreemptionBaseline,low,30,NoPreemptionBaseline-low-seed30.vec,3412227,d083afc82abb025d020b702e5b65fca7174680960329d65456f653399c3a8645
NoPreemptionBaseline,low,30,NoPreemptionBaseline-low-seed30.vci,74276,3a6eff63a07896af8c037cb05671d47bcb34e35275eefe443fed7196b179f252
NoPreemptionBaseline,medium,1,NoPreemptionBaseline-medium-seed1.sca,1624073,20173ae237a04e4d2724a2b8ff113ba2c5e35cbd6389be978f14e8dbf1fb38b2
NoPreemptionBaseline,medium,1,NoPreemptionBaseline-medium-seed1.vec,7236629,ba6300e5e4968a739148363a270f9dbc95893de3971e5ae67ff20da145e09434
NoPreemptionBaseline,medium,1,NoPreemptionBaseline-medium-seed1.vci,138567,113cfbc409a4341ff87517d66c2636b587f05d47aea1766137e205aa6543d7ef
NoPreemptionBaseline,medium,2,NoPreemptionBaseline-medium-seed2.sca,1624014,a843de0138b9061c287083bd7779f0dacebe1fb3c3f44dfa35598f0b29df0077
NoPreemptionBaseline,medium,2,NoPreemptionBaseline-medium-seed2.vec,7117869,57c861b6a56739e56868505cd7feecca2291e3855bb03cd1cf62560b8a8de3a9
NoPreemptionBaseline,medium,2,NoPreemptionBaseline-medium-seed2.vci,138707,fef27bf244c83e4834e5022597ef45a0345fd1f4859dddcbd0ed7c2c365c2d24
NoPreemptionBaseline,medium,3,NoPreemptionBaseline-medium-seed3.sca,1624170,50e4e8c8f20cd691b59af1d3f031b9e1e99a4ea697e9a8a042c6820f1d66f3db
NoPreemptionBaseline,medium,3,NoPreemptionBaseline-medium-seed3.vec,7343827,1b950459d858474277ac814b49271059aed74681d9eb956f2ad0fd963b35b847
NoPreemptionBaseline,medium,3,NoPreemptionBaseline-medium-seed3.vci,138779,6073e59dcd1cdbfaf416d1b7a7875510f05f848c893d3436fdc9aea7ff613c0e
NoPreemptionBaseline,medium,4,NoPreemptionBaseline-medium-seed4.sca,1624331,eb46956b3fa597f9eedf359fda5d3ea228c761db9f78d460d492006cd65cbdd6
NoPreemptionBaseline,medium,4,NoPreemptionBaseline-medium-seed4.vec,7352889,0aaafc7ab43284a413126daa17bf827ba7015f6ff0fbaa6098024f50616d9f47
NoPreemptionBaseline,medium,4,NoPreemptionBaseline-medium-seed4.vci,138802,71bba83c7890c0a3f52ccd82b25986c8a2d2d77302a1c30488a98217713f2928
NoPreemptionBaseline,medium,5,NoPreemptionBaseline-medium-seed5.sca,1624162,4dc02e224d5b3dfc51b483a66e3321695dfdb67f2dad66fb9915dfc7305676b0
NoPreemptionBaseline,medium,5,NoPreemptionBaseline-medium-seed5.vec,7296021,ae7f0415cab52f7fe2368a197d0cb1fdd0f7bfd03b250a51a861c9a04acc6668
NoPreemptionBaseline,medium,5,NoPreemptionBaseline-medium-seed5.vci,138798,664ccb8b8226665cc233b69ca109c6153d52969193e976f4128b570b5e49623d
NoPreemptionBaseline,medium,6,NoPreemptionBaseline-medium-seed6.sca,1624063,54598f771f06713bdf974c263761a6e9aefea51a3962da4cfd2391eb94862429
NoPreemptionBaseline,medium,6,NoPreemptionBaseline-medium-seed6.vec,7635605,15b7a36c5a2ccd8d0ac47a48f76cdc3abd29a249f253105d36d1cdd7f832e313
NoPreemptionBaseline,medium,6,NoPreemptionBaseline-medium-seed6.vci,138760,f07f841b5db6fd58a25e58d23431ea4f5d1702defff2a49c36d1dcdff78d573a
NoPreemptionBaseline,medium,7,NoPreemptionBaseline-medium-seed7.sca,1624071,86eb2310a8897e4efa42a30138cc60f75ff380dee0d843c8cf3b4f7a4fe87845
NoPreemptionBaseline,medium,7,NoPreemptionBaseline-medium-seed7.vec,7456675,2483de9a279f75fa8613cb4d7e26a313818e19011aee2315fbdaa001a55a3666
NoPreemptionBaseline,medium,7,NoPreemptionBaseline-medium-seed7.vci,138834,03a7eccad06839888f92c756c4277f448e9942216a74f800ae4a5c70e0ffc98f
NoPreemptionBaseline,medium,8,NoPreemptionBaseline-medium-seed8.sca,1624214,a900a69391d6fe4d8862d465ad802456e6ab008dcd77d81618b9dca66bcea592
NoPreemptionBaseline,medium,8,NoPreemptionBaseline-medium-seed8.vec,7012547,ab9967de3f6f3b49d41bf039c5968e6e81f72c093b23281574a41abe8141326e
NoPreemptionBaseline,medium,8,NoPreemptionBaseline-medium-seed8.vci,138776,be41b926983db9e973b2c5b2d655a91abaee17c14cb24eb77d9ec1644c4bf919
NoPreemptionBaseline,medium,9,NoPreemptionBaseline-medium-seed9.sca,1624220,bc310fca84659d18ffeb787c712d9665094de1f22ef75e37cdb36726ab53f88b
NoPreemptionBaseline,medium,9,NoPreemptionBaseline-medium-seed9.vec,7614560,0b58a2f9974c92bbbf42ff6b043331dddc21e1c88f504107f0d2e359915ca1ee
NoPreemptionBaseline,medium,9,NoPreemptionBaseline-medium-seed9.vci,138838,7da49d0ed6bcdcea4fa27269b5acf60e5dbb57a8932a8f34197346f25369ef12
NoPreemptionBaseline,medium,10,NoPreemptionBaseline-medium-seed10.sca,1624880,abec69cfb1b645b8fad73756a7e2d36e64bb54eec730f2056e799e284f6d3915
NoPreemptionBaseline,medium,10,NoPreemptionBaseline-medium-seed10.vec,7410268,d5c35628020e77f3c46b231f5abf8889ebc88e5a2c4142d142498c6120310bfc
NoPreemptionBaseline,medium,10,NoPreemptionBaseline-medium-seed10.vci,138960,703f0fad7614ee540037cf0c9a3222cc7dd1d68c1f90966c03889f10eeddda9d
NoPreemptionBaseline,medium,11,NoPreemptionBaseline-medium-seed11.sca,1624827,ae6eb55b1638424e81317189a4c5ef35cbd8b90834d1587f61c3f8cb349619da
NoPreemptionBaseline,medium,11,NoPreemptionBaseline-medium-seed11.vec,7556639,407b68e10343c320444773bb76eeefcc4562c331f55382ebcc51f3a2275d5d93
NoPreemptionBaseline,medium,11,NoPreemptionBaseline-medium-seed11.vci,138325,5c7d94154efe3ac7f96fa5db8b109d0c64e08c7b20d75a0bdfe73be652b0c8b2
NoPreemptionBaseline,medium,12,NoPreemptionBaseline-medium-seed12.sca,1624752,40b9a6142fdedeae940f1d0d7bbb084c02e9ab7fe04ca2886a40369cd00f584a
NoPreemptionBaseline,medium,12,NoPreemptionBaseline-medium-seed12.vec,7218862,6d87ae711e7a7aa274e5c7a2d9d8944e3c989295caeea09b99ceacb33a3cd15e
NoPreemptionBaseline,medium,12,NoPreemptionBaseline-medium-seed12.vci,138601,5cb699d9caa1a4dd85832ca1e7f81c291901d2dadef22908cf76cc8e132b422c
NoPreemptionBaseline,medium,13,NoPreemptionBaseline-medium-seed13.sca,1624672,71b81f7d622d8b9922c72117d06201ce123943ba92cedba3dc6c3df214cc3aea
NoPreemptionBaseline,medium,13,NoPreemptionBaseline-medium-seed13.vec,7391296,fabf84d4857406b460875142348989e3e5586150de77ba8ebb65bc5835d90e0a
NoPreemptionBaseline,medium,13,NoPreemptionBaseline-medium-seed13.vci,138693,b6bdddda9ab3ceddb0ca4a148bb9c0e4078578bc9c1ad51a5ee54cf09843322f
NoPreemptionBaseline,medium,14,NoPreemptionBaseline-medium-seed14.sca,1624801,44bcdc72d22626f7844d8b889dbdedfaa815d709d07a7f3f37f62e5e3c22ae77
NoPreemptionBaseline,medium,14,NoPreemptionBaseline-medium-seed14.vec,7226801,1b581d17088bdc2b52e7ff6ad1f8eb14cafd8c2d336d030cb442de4cbec5d7d4
NoPreemptionBaseline,medium,14,NoPreemptionBaseline-medium-seed14.vci,138630,46607f8fd404f20d0488e69940ddef24650a25b505aac8a11f7ec957731bd0bc
NoPreemptionBaseline,medium,15,NoPreemptionBaseline-medium-seed15.sca,1624772,473ec9a7f1e5792b0ec82157ec835b637b04a09454730f576a9a63b664711eab
NoPreemptionBaseline,medium,15,NoPreemptionBaseline-medium-seed15.vec,6927402,edf25abeb1121b4306440381a5ed0069b537c9c488d5a1981c8a1ba4993af8a3
NoPreemptionBaseline,medium,15,NoPreemptionBaseline-medium-seed15.vci,138528,e188880d99b43667408296be4083244a42277c960bd89c83fe6f6cbe5ae53caf
NoPreemptionBaseline,medium,16,NoPreemptionBaseline-medium-seed16.sca,1624843,2202266887b62e8ee777edbdd26ae6ef998f1ac3db4aa0ae5452e7dcca8e7510
NoPreemptionBaseline,medium,16,NoPreemptionBaseline-medium-seed16.vec,7201572,27c6f93bc961c254327f1985d9ca25963bdd125e44ec1650bb31ccdfae895d01
NoPreemptionBaseline,medium,16,NoPreemptionBaseline-medium-seed16.vci,138829,28aef016fb40c0bfa956b714a7846776b66cb9e9a8cd284d383f54b086839da7
NoPreemptionBaseline,medium,17,NoPreemptionBaseline-medium-seed17.sca,1624772,5a6e352d1ed7c0305decbde041f3e7e0d98be5b4c1166a2c1dc5f5f442af0b7c
NoPreemptionBaseline,medium,17,NoPreemptionBaseline-medium-seed17.vec,7384147,420d3a19a33a831ab4c029ab2f1ceebfe30436d48928e4bc827c4236c4367b6d
NoPreemptionBaseline,medium,17,NoPreemptionBaseline-medium-seed17.vci,138717,3ea3d60e7edcc8ed0f926b931d4cb41889e86702b70c4b9369a778b80bd0ecf7
NoPreemptionBaseline,medium,18,NoPreemptionBaseline-medium-seed18.sca,1624663,65eb1d80bda357b7a14de108fa3e7da0dc213dce2bca669566656be3d409bc4e
NoPreemptionBaseline,medium,18,NoPreemptionBaseline-medium-seed18.vec,7287164,d9193758025a237fc471ff7a64ac063b824f309f6dc22ba8516e68d8f24039b9
NoPreemptionBaseline,medium,18,NoPreemptionBaseline-medium-seed18.vci,138683,6792ff73bd900097e360ca99f9ed5a81484ac6ecefc0f643c5a21e23970ab7c7
NoPreemptionBaseline,medium,19,NoPreemptionBaseline-medium-seed19.sca,1624877,fbd8c7e491ff8a3fe76b0f4215c9cfc2d15dd61e27201d3a4349d8db0932c2d6
NoPreemptionBaseline,medium,19,NoPreemptionBaseline-medium-seed19.vec,7233093,427f4edc86ec813eae69eff20a1ad7cda10834d9c0c172f2531a1ac9988333bc
NoPreemptionBaseline,medium,19,NoPreemptionBaseline-medium-seed19.vci,138812,62a87fd68504bc441de8e1d8249a429545817ec8bd6ddb9c153fb417f9b2681a
NoPreemptionBaseline,medium,20,NoPreemptionBaseline-medium-seed20.sca,1624735,16493cb950d1cbfd9f96f9f733d74fd36c9337b2391a8d01759b3aaf95a6751a
NoPreemptionBaseline,medium,20,NoPreemptionBaseline-medium-seed20.vec,7356887,6de638323085be0408730bc0e9f6470cd83c2c135880ab33d827d4fe2647e0ac
NoPreemptionBaseline,medium,20,NoPreemptionBaseline-medium-seed20.vci,138726,c6995ddf87ef36ee1d1ae7d473d14e7b3175c1930ebd09bff5a4bf216deaed76
NoPreemptionBaseline,medium,21,NoPreemptionBaseline-medium-seed21.sca,1624677,e2f31af2fa3e3752cb951b23a3841a659986f03f5de7573861aaff40040c544a
NoPreemptionBaseline,medium,21,NoPreemptionBaseline-medium-seed21.vec,6917463,c14256d093f269d9af1255c20ad37c79de2bc285f7f62d6678b551c0a1503880
NoPreemptionBaseline,medium,21,NoPreemptionBaseline-medium-seed21.vci,138843,da7e64cc79781329674859459d1ffae802c70651ce6032bc27b4852599c3719b
NoPreemptionBaseline,medium,22,NoPreemptionBaseline-medium-seed22.sca,1624772,351b7d013c707bfe215d6d06f709fa13b0e8f585981ef98e7ef012a074f627de
NoPreemptionBaseline,medium,22,NoPreemptionBaseline-medium-seed22.vec,7607977,e66193498449190e61b2b38f0dce48b36413c6114598fe6d01fd9f3891e9575c
NoPreemptionBaseline,medium,22,NoPreemptionBaseline-medium-seed22.vci,138634,46463869e88b257fc2cbf8186d5628209278359d64a36957ef4f39aed1036a2f
NoPreemptionBaseline,medium,23,NoPreemptionBaseline-medium-seed23.sca,1624714,11ca5893d610366cdcc277faccf2dfc8a51d44ab5adcb2e6cf34297e8031ba45
NoPreemptionBaseline,medium,23,NoPreemptionBaseline-medium-seed23.vec,7015581,9f5375d3ed272208b6aaa6e0d91f91e030e4e48a67fac0f57b8c1a065f7cf90a
NoPreemptionBaseline,medium,23,NoPreemptionBaseline-medium-seed23.vci,138636,792659eb524f39494bea158678d92de0fd7ea1404b8c95f4824268320a8b02c7
NoPreemptionBaseline,medium,24,NoPreemptionBaseline-medium-seed24.sca,1624824,a0fe5eb31cea21b34293702c514e1234ebe649da9687f95221e0506cd0cf7a01
NoPreemptionBaseline,medium,24,NoPreemptionBaseline-medium-seed24.vec,7540197,6916ca57be5dff217533db70eeffc9cfffa77c9a23337919f85c543846a1203d
NoPreemptionBaseline,medium,24,NoPreemptionBaseline-medium-seed24.vci,138671,de19c88a76bfa593730f9244caf5777e7ed865fda72160ceaeebe55f5699e9bc
NoPreemptionBaseline,medium,25,NoPreemptionBaseline-medium-seed25.sca,1603532,c60a74cdadad79567f3db9c7eb515ae2e9e09310b1c6fb1b67a3091198e4607c
NoPreemptionBaseline,medium,25,NoPreemptionBaseline-medium-seed25.vec,9280279,f3b9c3e6072f2f6f60bf8c569df2e097c58bbe8c59762fa2d5a6e213f4d1463a
NoPreemptionBaseline,medium,25,NoPreemptionBaseline-medium-seed25.vci,136849,5b016a001d850179842d763ef74c57a81b8475d201c38580967dabc4a13ef3a8
NoPreemptionBaseline,medium,26,NoPreemptionBaseline-medium-seed26.sca,1624654,1d8f50899edc82b7b3789a45ba95c044109e1bb6a04b0b28d791564a66f20c21
NoPreemptionBaseline,medium,26,NoPreemptionBaseline-medium-seed26.vec,7390454,e8f70440300e6a281191ee72f1210ccc92c68e2bafb51c97b8e1aa53942e597d
NoPreemptionBaseline,medium,26,NoPreemptionBaseline-medium-seed26.vci,138678,e80d468644651a636014d6e311eba40f14646b9fa16fc9d0dfc5047e21b7b618
NoPreemptionBaseline,medium,27,NoPreemptionBaseline-medium-seed27.sca,1624624,9585766b45de53c7a5c6b9ab0c12019fb50cf3e40764d4d7b5504ff6fa791725
NoPreemptionBaseline,medium,27,NoPreemptionBaseline-medium-seed27.vec,7543163,2ef9de9489017106844a86d05630af9f32352fa504f54436d5dbd39d7755e34e
NoPreemptionBaseline,medium,27,NoPreemptionBaseline-medium-seed27.vci,138485,fd1d29f8b3167ce4f263902d7771cd85d286f7da78620f19ba2048b833c7f128
NoPreemptionBaseline,medium,28,NoPreemptionBaseline-medium-seed28.sca,1624682,7b9a6afc3173af96177102ad6bbdb05d44cac790d1ddd577104a8830f9e8d180
NoPreemptionBaseline,medium,28,NoPreemptionBaseline-medium-seed28.vec,7458737,5d327e91b74738f1f2e347c936da95d1c27ddacb7eced8a3c747d8a7c1311ad1
NoPreemptionBaseline,medium,28,NoPreemptionBaseline-medium-seed28.vci,138835,bc86dfc7b649dd643f5a7e3e5946b160cdbceb0208b792fc58f7709806c261ba
NoPreemptionBaseline,medium,29,NoPreemptionBaseline-medium-seed29.sca,1624804,f3c084c5a20f701aaf1423871018ce123813cb4b21b5ef3c4fbd1371417aeb65
NoPreemptionBaseline,medium,29,NoPreemptionBaseline-medium-seed29.vec,7126182,b4769a1edd794b09922020e333735eb3248b3a6c1374a53aeb163d20911404e0
NoPreemptionBaseline,medium,29,NoPreemptionBaseline-medium-seed29.vci,138736,4552bd05c96a564f85fe19a1638133875e7e3c1ef03d4444c8fac0beb4b38a59
NoPreemptionBaseline,medium,30,NoPreemptionBaseline-medium-seed30.sca,1624779,1ced4a04b57fb0f3c700b5886255ec691c8253bf3fa669ac607d0580090155b7
NoPreemptionBaseline,medium,30,NoPreemptionBaseline-medium-seed30.vec,6843675,c045e0688782b9e7e1328003017ee72b03da1f02ba1e82c91d589087d6093224
NoPreemptionBaseline,medium,30,NoPreemptionBaseline-medium-seed30.vci,138903,547b6550347e9668bae979802c3bc9cb09721cec7f241cb52327242e6e997938
NoPreemptionBaseline,high,1,NoPreemptionBaseline-high-seed1.sca,2179020,11e6817a1938874d73994001b9b9785159f5cb33ab33440649ed99866abe69e4
NoPreemptionBaseline,high,1,NoPreemptionBaseline-high-seed1.vec,10707914,f3cc94908144002797651470df825402da6357e30f7ad69dbc9f0a644d3a3bdb
NoPreemptionBaseline,high,1,NoPreemptionBaseline-high-seed1.vci,190020,82d573c8d908248c28a0be0673582fa5c84d180964f36dadf9dd39eb83fbddaf
NoPreemptionBaseline,high,2,NoPreemptionBaseline-high-seed2.sca,2179008,546f8849f84d6b9be90a2dd4d7d644f99fc89991de5b145cbbbd36739ac73d37
NoPreemptionBaseline,high,2,NoPreemptionBaseline-high-seed2.vec,10712804,1fb7c921837bdc301cc10106d60ca762973265ec4d77e94f069f12d2f97ce7ad
NoPreemptionBaseline,high,2,NoPreemptionBaseline-high-seed2.vci,189729,816c05a871df740d28b108c0304d8ef910281ec633cf423e4b0672a83e9bcab7
NoPreemptionBaseline,high,3,NoPreemptionBaseline-high-seed3.sca,2179083,1ff0344ffc23cf58af491a9e1192496512d1aa74462e677ea5f8c0cb60313a25
NoPreemptionBaseline,high,3,NoPreemptionBaseline-high-seed3.vec,10962787,7d6aa86b96b2573fcbfb6e0bedb6e42ce0aaffa47d76e98efd30b1d4b4a63a46
NoPreemptionBaseline,high,3,NoPreemptionBaseline-high-seed3.vci,189914,058fe12d9888a13ef9cd2ad5553a79f23def08d041064540dd8867de7a96fb3e
NoPreemptionBaseline,high,4,NoPreemptionBaseline-high-seed4.sca,2179016,2990268ccc97a0430f4b27d868c5bad090094997f332d4e4aedc591fd443ba76
NoPreemptionBaseline,high,4,NoPreemptionBaseline-high-seed4.vec,10782251,045265300ab9271dcfad9b53f23f71c852de32c58c8f319a0b9c4f51fdb86ad3
NoPreemptionBaseline,high,4,NoPreemptionBaseline-high-seed4.vci,190158,8dd26fd5cafae687c49aff7769df9cf1c4ca34137d18844a3f47784985ef1db4
NoPreemptionBaseline,high,5,NoPreemptionBaseline-high-seed5.sca,2178997,b80cbaf0f106978a428b1d95555890f49ced90672363638d7512af7c5298bf12
NoPreemptionBaseline,high,5,NoPreemptionBaseline-high-seed5.vec,10953595,cb5e9de8171b5b767e1622de8006e91fc4b51d30cc42dd3a213c85ea22480adf
NoPreemptionBaseline,high,5,NoPreemptionBaseline-high-seed5.vci,190156,92ced29ef858eab92cef7a8cd2fb2d1f63706082f957f540442b3be179728043
NoPreemptionBaseline,high,6,NoPreemptionBaseline-high-seed6.sca,2179025,934670e349173099830dcec9c5a0723472827f7787bbdc3400a4f0b366b0966e
NoPreemptionBaseline,high,6,NoPreemptionBaseline-high-seed6.vec,10831166,70bc58370d3ed3e8e532a6fe0c3ab69f71e0f9e5965c73f98d4b7be61ab4260b
NoPreemptionBaseline,high,6,NoPreemptionBaseline-high-seed6.vci,190166,124dc4de6191d91bf1fcb6b23b0472b7d21b23ff33649ade0fc398cb217b4b2c
NoPreemptionBaseline,high,7,NoPreemptionBaseline-high-seed7.sca,2178960,b62a87a2075dc2a38c18922486585e62f6ed6531c534b15471d70a2ce613eb76
NoPreemptionBaseline,high,7,NoPreemptionBaseline-high-seed7.vec,10337429,ac3ac39e341231b59cf5c22263caac2a4d4b07b6f235000dde0b4017aa89567c
NoPreemptionBaseline,high,7,NoPreemptionBaseline-high-seed7.vci,190073,151f1b84f0f742862d7cf96f4b139b435e7d4ace07684e0b812d4ab3e8dd72d8
NoPreemptionBaseline,high,8,NoPreemptionBaseline-high-seed8.sca,2179048,529ea8a3524f8f44ca0ba516cf5d0f8df2e435ea48e9f564e53255ce9979d0c8
NoPreemptionBaseline,high,8,NoPreemptionBaseline-high-seed8.vec,10429110,6e06528add7b51c8e7550fc4d367b369fb58dcd923a588dd62926a2b7ea6e94d
NoPreemptionBaseline,high,8,NoPreemptionBaseline-high-seed8.vci,190004,180de04d6f0fcdc0a488a1e2d106ce3f0a00b806439231e09f368bc3d901abfb
NoPreemptionBaseline,high,9,NoPreemptionBaseline-high-seed9.sca,2179030,cf890397398021939016df8e55e659206ce870b6a58e29e77c715187225a98d5
NoPreemptionBaseline,high,9,NoPreemptionBaseline-high-seed9.vec,11033490,c37dcc1d17dd47ccf50663603905f1988b0af1d4050cf56e625c6db0b985760b
NoPreemptionBaseline,high,9,NoPreemptionBaseline-high-seed9.vci,190201,8331795c3a1116143ee2bf4b3e80909312976f439584a37071808fc90cee203c
NoPreemptionBaseline,high,10,NoPreemptionBaseline-high-seed10.sca,2179712,829d5aadbef7987e4d2f7be7f199156e17266f2e620b12981eb0655a35cb6c61
NoPreemptionBaseline,high,10,NoPreemptionBaseline-high-seed10.vec,10798210,3cb692af3d4e37eab7a00d6000cba5ec8d5b8244cd2ddaffdb3cc4eb7243bc88
NoPreemptionBaseline,high,10,NoPreemptionBaseline-high-seed10.vci,190141,054ab1b1dc8d741d5019b5bbc18a56151bd41f69eedc88788193997ed82d6444
NoPreemptionBaseline,high,11,NoPreemptionBaseline-high-seed11.sca,2180035,39067497130b0a0cbfa0959f6d793e8a42017536975a17f32cc5d305287a5ca2
NoPreemptionBaseline,high,11,NoPreemptionBaseline-high-seed11.vec,10888761,659acaa99286dbbca2569d99b0cd503ffebe07fbf14ca0172d1ce6f904b14f4f
NoPreemptionBaseline,high,11,NoPreemptionBaseline-high-seed11.vci,189894,d3853ba713cb148d7caebb35097f6520eae2b31bfaf7cf532477fffde5b44687
NoPreemptionBaseline,high,12,NoPreemptionBaseline-high-seed12.sca,2179916,ed93eca143131d0499833bf83d22192d5f019d3f8899c8f8f2c90300345f3868
NoPreemptionBaseline,high,12,NoPreemptionBaseline-high-seed12.vec,11108116,cda317859c8d714076503c8854ef057ceefdd2928d4a2b824dea15ebd677bc06
NoPreemptionBaseline,high,12,NoPreemptionBaseline-high-seed12.vci,190272,5f962d6cad7471166e157741e8aa700c23ce1c01dab6a42b42163f434f9c42b1
NoPreemptionBaseline,high,13,NoPreemptionBaseline-high-seed13.sca,2180035,c4c2ea05620636b6f570591fc0eb493f097c6d134fee1f19cf890b5438a2f7a5
NoPreemptionBaseline,high,13,NoPreemptionBaseline-high-seed13.vec,10454217,c1595139653fe3055fd1e29e233cbd6b9808b13c5f82298a72b23a8256a2f70b
NoPreemptionBaseline,high,13,NoPreemptionBaseline-high-seed13.vci,189779,903a9e819fe20da0d24bb03a021cc6db7d2b05de55f8c8e5510eae738cfd44ac
NoPreemptionBaseline,high,14,NoPreemptionBaseline-high-seed14.sca,2179915,a3dee1073950d3e2bad53c077bba32f88c7e61fed693c78aa7b8abbc23461ca3
NoPreemptionBaseline,high,14,NoPreemptionBaseline-high-seed14.vec,10969292,3dee2875f99b62eada9407a129c823796bae0117532a10a28339cad9c9dcd523
NoPreemptionBaseline,high,14,NoPreemptionBaseline-high-seed14.vci,189990,04ee647d74c3a79e8dc0c78dff89a6d2b05a7eabbff5ca8055cc554bf8fa238b
NoPreemptionBaseline,high,15,NoPreemptionBaseline-high-seed15.sca,2179765,7bd0f0b82cd2451c066deb2afe0394c1a35b4e997fbd62134222d458d5410116
NoPreemptionBaseline,high,15,NoPreemptionBaseline-high-seed15.vec,10370629,31785d2983fbaffbcb412e179a441b71c5ed7939b6438c5effb685a8c3e6068d
NoPreemptionBaseline,high,15,NoPreemptionBaseline-high-seed15.vci,189740,89f93f2f74270a4828d970193318fee872d70ef9ea0120f3505befbce3b51674
NoPreemptionBaseline,high,16,NoPreemptionBaseline-high-seed16.sca,2179787,b157915ca0e060360e7cc7acd57ae9a41ea13dcf025c3a58f45b370d6d745ca1
NoPreemptionBaseline,high,16,NoPreemptionBaseline-high-seed16.vec,10160224,cdeddffe5deeca7b6e301f5ec4d39f6b5bb0e1890bb2bf9908361c5b6ededf63
NoPreemptionBaseline,high,16,NoPreemptionBaseline-high-seed16.vci,190055,fff04ad3cf411b97c59a992de5956b823c47b8c0138f9aefb57ac34105b5a141
NoPreemptionBaseline,high,17,NoPreemptionBaseline-high-seed17.sca,2179910,084712d6d13b110d98eee2754bfc202131a238c9d1494273add8aa9c43fe4d67
NoPreemptionBaseline,high,17,NoPreemptionBaseline-high-seed17.vec,11199540,26491080cc1116937a0c782ea115b30a956deed33dbd9490de097f70779c29d1
NoPreemptionBaseline,high,17,NoPreemptionBaseline-high-seed17.vci,190028,68f36864836b4aa69ed537a38dcb9e113b85d882ba04a247eed767efc038c4e7
NoPreemptionBaseline,high,18,NoPreemptionBaseline-high-seed18.sca,2179853,158315a050ec9fedbe51413d7f9596f72d0f1a6ae67ef321bedf414d735151e6
NoPreemptionBaseline,high,18,NoPreemptionBaseline-high-seed18.vec,10284400,9fee706410055d9c4ea79cc69cb84ad3f9becb5bdb7b20f2a1270326dfc125db
NoPreemptionBaseline,high,18,NoPreemptionBaseline-high-seed18.vci,189921,64380cd23c7ceca813faee4e4a90e61f68e3178bff3dad978055d622e7c60bfc
NoPreemptionBaseline,high,19,NoPreemptionBaseline-high-seed19.sca,2180041,fb86687a930be9a58da33dffba9e26b24dcd90009c9818483fe9bf5f34d471e7
NoPreemptionBaseline,high,19,NoPreemptionBaseline-high-seed19.vec,10483855,016c7c389dd0c0ce08ef1f5f19996245c2baac70e1701709b4f6d8964cd3da46
NoPreemptionBaseline,high,19,NoPreemptionBaseline-high-seed19.vci,190305,1530eb93224313296e1f7e28a1aea7bbe5345f8abf8546bba12b3bd76bc66335
NoPreemptionBaseline,high,20,NoPreemptionBaseline-high-seed20.sca,2179914,6bbb8801a7675cee8827c8380614d654633a2f70c006240d6d3cb6f4ef370c92
NoPreemptionBaseline,high,20,NoPreemptionBaseline-high-seed20.vec,10614316,3564c02ca04a09815364a30c7329aa975134a73db1fb9a0709c63136e04c700a
NoPreemptionBaseline,high,20,NoPreemptionBaseline-high-seed20.vci,190056,7cda4f0c293c448f3b170bef73dd239fd26dac67a4e2f5c17b92916807cd54b5
NoPreemptionBaseline,high,21,NoPreemptionBaseline-high-seed21.sca,2179762,7df90e401fba95d0d8dfdd9582a63e0a81987c0d785fe03a1927ecc5d075d33e
NoPreemptionBaseline,high,21,NoPreemptionBaseline-high-seed21.vec,10269529,a9ecba109f93d1ec8bb57cd17d555539568e69fabda6c141347bbc937ec259a4
NoPreemptionBaseline,high,21,NoPreemptionBaseline-high-seed21.vci,190021,f4e3a59abbd6ebe84cbb919fc6a906fee9d60541a1ffcbb9010a7ee7caf02e83
NoPreemptionBaseline,high,22,NoPreemptionBaseline-high-seed22.sca,2179980,e991ca8a5ad9df117cfc86246cd25deb45de7c0f3bec2be6f9a4a3d170ba87f5
NoPreemptionBaseline,high,22,NoPreemptionBaseline-high-seed22.vec,10621273,fa092e58bd4c5e4149a032dcd60d8652873036beae75047a1dc280069e2daf7f
NoPreemptionBaseline,high,22,NoPreemptionBaseline-high-seed22.vci,189979,c1ad1485e6504b982a7ea4de5927575586f3d4e1f0dd78fd39403418987a15c2
NoPreemptionBaseline,high,23,NoPreemptionBaseline-high-seed23.sca,2179844,6e8439b07cfb5fcfcee84e94cdec3c31cb916dbd921afda0960989f348872533
NoPreemptionBaseline,high,23,NoPreemptionBaseline-high-seed23.vec,10362846,ee1fddf8e032fc8e61639d104dfc0ce7c1cf29d1866a3b47d3e10ff36c4d82a3
NoPreemptionBaseline,high,23,NoPreemptionBaseline-high-seed23.vci,189989,38f2f57249f5a225f45bda38baa0797cd4bdf9305d8678ce302ce7650be049c5
NoPreemptionBaseline,high,24,NoPreemptionBaseline-high-seed24.sca,2179923,d2925647eee77f782a6bcd3d1c1fae0c23b5574c8a9ce6286c7883fe736b6480
NoPreemptionBaseline,high,24,NoPreemptionBaseline-high-seed24.vec,11015526,1e0dea5ad40bd32c98776cdc0b508c27ddda3bf9f0e6463ebd728a0446bbabe0
NoPreemptionBaseline,high,24,NoPreemptionBaseline-high-seed24.vci,189997,44a245c63a145ba635c441f1d32dfd7b7653aa228d65d52c67615dbddfcf6d6f
NoPreemptionBaseline,high,25,NoPreemptionBaseline-high-seed25.sca,2180096,c7de77a617f8e58f8c225f44e08683bcbc283717783b685ecaed0ef02af3a2ef
NoPreemptionBaseline,high,25,NoPreemptionBaseline-high-seed25.vec,10801595,88ad899593cf2173506e90e546b40e0dd8e4eb322adf271e26f62e784efcf193
NoPreemptionBaseline,high,25,NoPreemptionBaseline-high-seed25.vci,190061,cd1c80bba485467cc69c997410262f0e79de6fad983cd0b2db9374564ecb851a
NoPreemptionBaseline,high,26,NoPreemptionBaseline-high-seed26.sca,2179807,0e9a1b3a553a1c44d53adf4b358f932a0a9f75a67acffc4da5885735093d022a
NoPreemptionBaseline,high,26,NoPreemptionBaseline-high-seed26.vec,10696446,6952aa44138dda4e4760c0594ba71efe8f50babb8d66c359a614832fd6a9391f
NoPreemptionBaseline,high,26,NoPreemptionBaseline-high-seed26.vci,190303,106cc0f7387bcfecb3980a478e7a82e9212b4ae73cae6d00d6c705183be53ce8
NoPreemptionBaseline,high,27,NoPreemptionBaseline-high-seed27.sca,2179890,f62f8638ce8fdf568d78814a84d8a75b33cac06208bc126f980d3af48e9c0c9f
NoPreemptionBaseline,high,27,NoPreemptionBaseline-high-seed27.vec,10901420,e4c9ff056cce23b8d0be54dfa695281b99e774dcb56dcd2d4c4baf0da971e646
NoPreemptionBaseline,high,27,NoPreemptionBaseline-high-seed27.vci,190325,1f57ceed136655b48094258b5719359fcc7ece87d743cb96bfd719557250580b
NoPreemptionBaseline,high,28,NoPreemptionBaseline-high-seed28.sca,2179827,141bad1c88055e7128477d6ce16417d01356a806f53908743eb2a0230f91c6a9
NoPreemptionBaseline,high,28,NoPreemptionBaseline-high-seed28.vec,11094804,45d78699a22eaf1b2a2710c64ca077c88ac7ca76b8e940cfd4816c1def37779f
NoPreemptionBaseline,high,28,NoPreemptionBaseline-high-seed28.vci,190052,b1f32e47e9d0602c13aaae21dd0145a7ea719ec3ab9e0ae977c893f7935afa9c
NoPreemptionBaseline,high,29,NoPreemptionBaseline-high-seed29.sca,2179632,dcd846cbbfa2ddacd463f727387b789b5cba402b50b3d19fa64b1cf92fe0a169
NoPreemptionBaseline,high,29,NoPreemptionBaseline-high-seed29.vec,10134244,e8dc3fd5af64170bee82515b1aca4b02626c921bc75de1976d7afa8a9d77ff58
NoPreemptionBaseline,high,29,NoPreemptionBaseline-high-seed29.vci,190018,586b42b4a61c261b7f92f7adf1ae9c4bf15ec2d2d8ece469f147cb08558b95c3
NoPreemptionBaseline,high,30,NoPreemptionBaseline-high-seed30.sca,2179775,1d8ab55b2f39a47476f0861c82e5966555563352101f216495402c41ea866062
NoPreemptionBaseline,high,30,NoPreemptionBaseline-high-seed30.vec,10200230,44f57aba84b1cca07f438917a59ec2f6838eefa3fcf4390643018d982fa7da8c
NoPreemptionBaseline,high,30,NoPreemptionBaseline-high-seed30.vci,190065,43cc3a810da2a00621a7fb5f8b8f17de749919c563b0afae18d10ebaa77172c3
